1,황금빛노을바다 낚시터,바다,,경상남도 사천시 대방동 759번지 지선 해역,34.933943,128.048855,,10000,볼락,40,수상방갈로 4개,"200,000원/1일",,"구명부환, 소화기, 구급약품, 구명조끼 구비",화장실+세면소+쓰레기통,"사천바다 케이블카 삼천포대교공원,       사천문화예술회관",055-831-3138,사천시 해양수산과 해양레저팀,2020-11-27
2,황금빛노을바다 낚시터 2호,바다,,경상남도 사천시 실안동 1129번지 지선 해역,34.952388,128.03372,,411,볼락,10,수상방갈로 1개,"200,000/1일",,"구명부환, 소화기, 구급약품, 구명조끼 구비",화장실+세면소+쓰레기통,"사천바다 케이블카 삼천포대교공원,       사천문화예술회관",055-831-3138,사천시 해양수산과 해양레저팀,2020-11-27
3,산분령 유료 낚시터,바다,,경상남도 사천시 실안동 산31-2,34.95224,128.03386,055-833-4404,1513.6,볼락,40,수상방갈로 4개,"150,000~200,000원/좌대:15,000~25,000원",,"구명부환, 소화기, 구급약품, 구명조끼 구비",화장실+세면소+쓰레기통,"사천바다 케이블카 삼천포대교공원, 사천문화예술회관",055-831-3138,사천시 해양수산과 해양레저팀,2020-11-27
4,대포황토펜션 낚시터,바다,,경상남도 사천시 대포동 457번지선,34.99046,128.04114,,2888.8,볼락,48,"수상방갈로 4식, 잔교2식","150,000~250,000원/좌대: 20,000원",,"구명부환, 소화기, 구급약품, 구명조끼 구비",화장실+세면소+쓰레기통,"사천바다 케이블카 삼천포대교공원,       사천문화예술회관",055-831-3138,사천시 해양수산과 해양레저팀,2020-11-27
5,산으로 간 낚시꾼,기타,경상남도 사천시 해안관광로 68-20(실안동),경상남도 사천시 실안동 962,34.947804,128.040302,,954,감성돔,200,없음,"79,000원/12시간, 시간추가 15,000원",해당없음,"구명부환, 소화기, 구급약품, 구명조끼 구비",화장실+세면소+쓰레기통,"사천바다 케이블카 삼천포대교공원,       사천문화예술회관",055-831-3138,사천시 해양수산과 해양레저팀,2020-11-27
6,갈천유료낚시터,저수지,경상남도 고성군 대가면 갈천로 310,경상남도 고성군 대가면 갈천리 55,,,,9959,"잉어, 향어, 붕어",30000,없음,"30,000원",,"구명부환 구명줄, 구급약품, 구명쪽기, 소화기",화장실 2개/변기2개 수세식,,055-670-2464,고성군 해양수산과,2020-07-23
7,원전어촌계 (황금)낚시터,바다,경상남도 창원시 마산합포구 구산면 이순신로 644,경상남도 창원시 마산합포구 구산면 심리 산 4-4번지 앞 지선 해역 일원,35.04,128.38,,636.5,"도다리, 돔류, 볼락류,  장어류, 기타 해면어류 등",37,수상 방갈로,"20,000원/인당",,구멍부환+구명조끼+소화기+구급약품,화장실+분리수거통,,055-220-4464,창원시 마산합포구청,2020-08-12
8,원전어촌계 (순찬)낚시터,바다,경상남도 창원시 마산합포구 구산면 이순신로 644,경상남도 창원시 마산합포구 구산면 심리 산 4-4번지 앞 지선 해역 일원,35.04,128.38,,540,"도다리, 돔류, 볼락류,  장어류, 기타 해면어류 등",28,수상 방갈로,"20,000원/인당",,구멍부환+구명조끼+소화기+구급약품,화장실+분리수거통,,055-220-4464,창원시 마산합포구청,2020-08-12
9,원전어촌계 (재영)낚시터,바다,경상남도 창원시 마산합포구 구산면 이순신로 644,경상남도 창원시 마산합포구 구산면  심리 산 2번지 앞 지선 해역 일원,35.04,128.38,,540,"도다리, 돔류, 볼락류,  장어류, 기타 해면어류 등",28,수상 방갈로,"20,000원/인당",,구멍부환+구명조끼+소화기+구급약품,화장실+분리수거통,,055-220-4464,창원시 마산합포구청,2020-08-12
10,원전어촌계 (쌍둥이2)낚시터,바다,경상남도 창원시 마산합포구 구산면 이순신로 644,경상남도 창원시 마산합포구 구산면  심리 산 2번지 앞 지선 해역 일원,35.04,128.38,,507.6,"도다리, 돔류, 볼락류,  장어류, 기타 해면어류 등",25,수상 방갈로,"20,000원/인당",,구멍부환+구명조끼+소화기+구급약품,화장실+분리수거통,,055-220-4464,창원시 마산합포구청,2020-08-12
11,원전어촌계 (뱃머리)낚시터,바다,경상남도 창원시 마산합포구 구산면 이순신로 644,경상남도 창원시 마산합포구 구산면  심리 산 2번지 앞 지선 해역 일원,35.04,128.38,,540,"도다리, 돔류, 볼락류,  장어류, 기타 해면어류 등",27,수상 방갈로,"20,000원/인당",,구멍부환+구명조끼+소화기+구급약품,화장실+분리수거통,,055-220-4464,창원시 마산합포구청,2020-08-12
12,원전어촌계 (쌍둥이1)낚시터,바다,경상남도 창원시 마산합포구 구산면 이순신로 644,경상남도 창원시 마산합포구 구산면  심리 산 2번지 앞 지선 해역 일원,35.03,128.38,,507.6,"도다리, 돔류, 볼락류,  장어류, 기타 해면어류 등",25,수상 방갈로,"20,000원/인당",,구멍부환+구명조끼+소화기+구급약품,화장실+분리수거통,,055-220-4464,창원시 마산합포구청,2020-08-12
13,원전어촌계 (용마)낚시터,바다,경상남도 창원시 마산합포구 구산면 이순신로 644,경상남도 창원시 마산합포구 구산면  심리 산 2번지 앞 지선 해역 일원,35.04,128.38,,592,"도다리, 돔류, 볼락류,  장어류, 기타 해면어류 등",29,수상 방갈로,"20,000원/인당",,구멍부환+구명조끼+소화기+구급약품,화장실+분리수거통,,055-220-4464,창원시 마산합포구청,2020-08-12
14,원전어촌계 (삼성)낚시터,바다,경상남도 창원시 마산합포구 구산면 이순신로 644,경상남도 창원시 마산합포구 구산면  심리 산 2번지 앞 지선 해역 일원,35.03,128.38,,498.75,"도다리, 돔류, 볼락류,  장어류, 기타 해면어류 등",21,수상 방갈로,"20,000원/인당",,구멍부환+구명조끼+소화기+구급약품,화장실+분리수거통,,055-220-4464,창원시 마산합포구청,2020-08-12
15,실리도 어촌계 (백마)낚시터,바다,경상남도 창원시 마산합포구 구산면 이순신로 644,경상남도 창원시 마산합포구 구산면  심리 산 2번지 앞 지선 해역 일원,35.04,128.38,,490,"도다리, 돔류, 볼락류,  장어류, 기타 해면어류 등",23,수상 방갈로,"20,000원/인당",,구멍부환+구명조끼+소화기+구급약품,화장실+분리수거통,,055-220-4464,창원시 마산합포구청,2020-08-12
16,실리도 어촌계 (금양)낚시터,바다,경상남도 창원시 마산합포구 구산면 이순신로 644,경상남도 창원시 마산합포구 구산면  심리 산 2번지 앞 지선 해역 일원,35.03,128.38,,490,"도다리, 돔류, 볼락류,  장어류, 기타 해면어류 등",23,수상 방갈로,"20,000원/인당",,구멍부환+구명조끼+소화기+구급약품,화장실+분리수거통,,055-220-4464,창원시 마산합포구청,2020-08-12
17,실리도 어촌계 (선창2)낚시터,바다,경상남도 창원시 마산합포구 구산면 이순신로 644,경상남도 창원시 마산합포구 구산면  심리 산 2번지 앞 지선 해역 일원,35.03,128.38,,472.5,"도다리, 돔류, 볼락류,  장어류, 기타 해면어류 등",20,수상 방갈로,"20,000원/인당",,구멍부환+구명조끼+소화기+구급약품,화장실+분리수거통,,055-220-4464,창원시 마산합포구청,2020-08-12
18,실리도 어촌계 (한마음1)낚시터,바다,경상남도 창원시 마산합포구 구산면 실리섬길 3,경상남도 창원시 마산합포구 구산면  심리 산 1번지 앞 지선 해역 일원,35.03,128.38,,379.5,"도다리, 돔류, 볼락류,  장어류, 기타 해면어류 등",12,수상 방갈로,"20,000원/인당",,구멍부환+구명조끼+소화기+구급약품,화장실+분리수거통,,055-220-4464,창원시 마산합포구청,2020-08-12
19,실리도 어촌계 (한마음2)낚시터,바다,경상남도 창원시 마산합포구 구산면 실리섬길 3,경상남도 창원시 마산합포구 구산면  심리 산 1번지 앞 지선 해역 일원,35.03,128.38,,476,"도다리, 돔류, 볼락류,  장어류, 기타 해면어류 등",17,수상 방갈로,"20,000원/인당",,구멍부환+구명조끼+소화기+구급약품,화장실+분리수거통,,055-220-4464,창원시 마산합포구청,2020-08-12
20,원전어촌계 (바다)낚시터,바다,경상남도 창원시 마산합포구 구산면 이순신로 644,경상남도 창원시 마산합포구 구산면 심리 산 4-4번지 앞 지선 해역 일원,35.04,128.38,,540,"도다리, 돔류, 볼락류,  장어류, 기타 해면어류 등",28,수상 방갈로,"20,000원/인당",,구멍부환+구명조끼+소화기+구급약품,화장실+분리수거통,,055-220-4464,창원시 마산합포구청,2020-08-12
21,실리도 어촌계 (반야1)낚시터,바다,경상남도 창원시 마산합포구 구산면 실리섬길 3,경상남도 창원시 마산합포구 구산면  심리 산 1번지 앞 지선 해역 일원,35.03,128.38,,463,"도다리, 돔류, 볼락류,  장어류, 기타 해면어류 등",16,수상 방갈로,"20,000원/인당",,구멍부환+구명조끼+소화기+구급약품,화장실+분리수거통,,055-220-4464,창원시 마산합포구청,2020-08-12
22,실리도 어촌계 (반야2)낚시터,바다,경상남도 창원시 마산합포구 구산면 실리섬길 3,경상남도 창원시 마산합포구 구산면  심리 산 1번지 앞 지선 해역 일원,35.03,128.38,,516.3,"도다리, 돔류, 볼락류,  장어류, 기타 해면어류 등",20,수상 방갈로,"20,000원/인당",,구멍부환+구명조끼+소화기+구급약품,화장실+분리수거통,,055-220-4464,창원시 마산합포구청,2020-08-12
23,원전어촌계 (가고파)낚시터,바다,경상남도 창원시 마산합포구 구산면 이순신로 644,경상남도 창원시 마산합포구 구산면  심리 산 2번지 앞 지선 해역 일원,35.04,128.38,,540,"도다리, 돔류, 볼락류,  장어류, 기타 해면어류 등",28,수상 방갈로,"20,000원/인당",,구멍부환+구명조끼+소화기+구급약품,화장실+분리수거통,,055-220-4464,창원시 마산합포구청,2020-08-12
24,원전어촌계 (천수)낚시터,바다,경상남도 창원시 마산합포구 구산면 이순신로 644,경상남도 창원시 마산합포구 구산면  심리 산 2번지 앞 지선 해역 일원,35.04,128.38,,532.8,"도다리, 돔류, 볼락류,  장어류, 기타 해면어류 등",28,수상 방갈로,"20,000원/인당",,구멍부환+구명조끼+소화기+구급약품,화장실+분리수거통,,055-220-4464,창원시 마산합포구청,2020-08-12
25,원전어촌계 (성용)낚시터,바다,경상남도 창원시 마산합포구 구산면 이순신로 644,경상남도 창원시 마산합포구 구산면  심리 산 2번지 앞 지선 해역 일원,35.04,128.38,,501.2,"도다리, 돔류, 볼락류,  장어류, 기타 해면어류 등",24,수상 방갈로,"20,000원/인당",,구멍부환+구명조끼+소화기+구급약품,화장실+분리수거통,,055-220-4464,창원시 마산합포구청,2020-08-12
26,시락어촌계낚시터(3동),바다,경상남도 창원시 마산합포구 진전면 회진로 1123-25,경상남도 창원시 마산합포구 진전면 시락리 산 155-5번지 지선 공유수면,35.04,128.26,,1500,"도다리,돔류,기타 해면어류 등",45,수상 방갈로,"150,000원/동당",,구멍부환+구명조끼+소화기+구급약품,화장실+분리수거통,,055-220-4463,창원시 마산합포구청,2021-10-12
27,원전어촌계 (선창)낚시터,바다,경상남도 창원시 마산합포구 구산면 이순신로 644,경상남도 창원시 마산합포구 구산면  심리 산 2번지 앞 지선 해역 일원,35.04,128.38,,519.9,"도다리, 돔류, 볼락류,  장어류, 기타 해면어류 등",26,수상 방갈로,"20,000원/인당",,구멍부환+구명조끼+소화기+구급약품,화장실+분리수거통,,055-220-4464,창원시 마산합포구청,2020-08-12
28,원전어촌계 (강민)낚시터,바다,경상남도 창원시 마산합포구 구산면 이순신로 644,경상남도 창원시 마산합포구 구산면  심리 산 2번지 앞 지선 해역 일원,35.04,128.38,,540,"도다리, 돔류, 볼락류,  장어류, 기타 해면어류 등",28,수상 방갈로,"20,000원/인당",,구멍부환+구명조끼+소화기+구급약품,화장실+분리수거통,,055-220-4464,창원시 마산합포구청,2020-08-12
29,원전어촌계 (대봉)낚시터,바다,경상남도 창원시 마산합포구 구산면 이순신로 644,경상남도 창원시 마산합포구 구산면  심리 산 2번지 앞 지선 해역 일원,35.04,128.38,,534.6,"도다리, 돔류, 볼락류,  장어류, 기타 해면어류 등",27,수상 방갈로,"20,000원/인당",,구멍부환+구명조끼+소화기+구급약품,화장실+분리수거통,,055-220-4464,창원시 마산합포구청,2020-08-12
30,원전어촌계 (삼정)낚시터,바다,경상남도 창원시 마산합포구 구산면 이순신로 644,경상남도 창원시 마산합포구 구산면  심리 산 2번지 앞 지선 해역 일원,35.04,128.38,,507,"도다리, 돔류, 볼락류,  장어류, 기타 해면어류 등",24,수상 방갈로,"20,000원/인당",,구멍부환+구명조끼+소화기+구급약품,화장실+분리수거통,,055-220-4464,창원시 마산합포구청,2020-08-12
31,원전어촌계 (조선)낚시터,바다,경상남도 창원시 마산합포구 구산면 이순신로 644,경상남도 창원시 마산합포구 구산면  심리 산 2번지 앞 지선 해역 일원,35.04,128.38,,461.1,"도다리, 돔류, 볼락류,  장어류, 기타 해면어류 등",20,수상 방갈로,"20,000원/인당",,구멍부환+구명조끼+소화기+구급약품,화장실+분리수거통,,055-220-4464,창원시 마산합포구청,2020-08-12
32,원전어촌계 (태양)낚시터,바다,경상남도 창원시 마산합포구 구산면 이순신로 644,경상남도 창원시 마산합포구 구산면  심리 산 2번지 앞 지선 해역 일원,35.04,128.38,,554.4,"도다리, 돔류, 볼락류,  장어류, 기타 해면어류 등",31,수상 방갈로,"20,000원/인당",,구멍부환+구명조끼+소화기+구급약품,화장실+분리수거통,,055-220-4464,창원시 마산합포구청,2020-08-12
33,원전어촌계 (태진)낚시터,바다,경상남도 창원시 마산합포구 구산면 이순신로 644,경상남도 창원시 마산합포구 구산면  심리 산 2번지 앞 지선 해역 일원,35.04,128.38,,570.4,"도다리, 돔류, 볼락류,  장어류, 기타 해면어류 등",28,수상 방갈로,"20,000원/인당",,구멍부환+구명조끼+소화기+구급약품,화장실+분리수거통,,055-220-4464,창원시 마산합포구청,2020-08-12
34,원전어촌계 (혜주)낚시터,바다,경상남도 창원시 마산합포구 구산면 이순신로 644,경상남도 창원시 마산합포구 구산면  심리 산 2번지 앞 지선 해역 일원,35.04,128.38,,509.4,"도다리, 돔류, 볼락류,  장어류, 기타 해면어류 등",23,수상 방갈로,"20,000원/인당",,구멍부환+구명조끼+소화기+구급약품,화장실+분리수거통,,055-220-4464,창원시 마산합포구청,2020-08-12
35,니모실내낚시카페,기타,"경남 창녕군 창녕읍 종로15, B01호(낙원빌라)",경남 창녕군 창녕읍 교하리 46-2 낙원빌라 B01호,35.53866,128.4977488,051-365-2782,49.7,잉어+붕어+향어,22,고정형,"10,000원",,구멍부환+구명조끼+소화기+구급약품,화장실+분리수거통+휴게실+흡연실,,055-530-6066,창녕군 농업정책과,2021-10-06
36,달창유로낚시터,기타,"경남 창녕군 성산면 방리 1067-14, 1067-44","경남 창녕군 성산면 방리 1067-14, 1067-44",35.6091748,128.5156706,055-532-4561,5500,잉어+붕어,90,고정형,"25,000원",,구멍부환+구명조끼+소화기+구급약품,화장실+분리수거통+세면장,,055-530-6066,창녕군 농업정책과,2021-10-06
37,원전어촌계 (용마)낚시터,바다,경상남도 창원시 마산합포구 구산면 이순신로 644,경상남도 창원시 마산합포구 구산면 심리 산 2번지 앞 지선 해역 일원,35.04,128.38,,592,"도다리, 돔류, 볼락류,  장어류, 기타 해면어류 등",29,수상 방갈로,"20,000원/인당",,구멍부환+구명조끼+소화기+구급약품,화장실+분리수거통,,055-220-4463,창원시 마산합포구청,2021-10-11
38,원전어촌계 (쌍둥이1)낚시터,바다,경상남도 창원시 마산합포구 구산면 이순신로 644,경상남도 창원시 마산합포구 구산면 심리 산 2번지 앞 지선 해역 일원,35.03,128.38,,507.6,"도다리, 돔류, 볼락류,  장어류, 기타 해면어류 등",25,수상 방갈로,"20,000원/인당",,구멍부환+구명조끼+소화기+구급약품,화장실+분리수거통,,055-220-4463,창원시 마산합포구청,2021-10-11
39,원전어촌계 (뱃머리)낚시터,바다,경상남도 창원시 마산합포구 구산면 이순신로 644,경상남도 창원시 마산합포구 구산면 심리 산 2번지 앞 지선 해역 일원,35.04,128.38,,540,"도다리, 돔류, 볼락류,  장어류, 기타 해면어류 등",27,수상 방갈로,"20,000원/인당",,구멍부환+구명조끼+소화기+구급약품,화장실+분리수거통,,055-220-4463,창원시 마산합포구청,2021-10-11
40,시방어촌계낚시터,바다,경상남도 거제시 장목면 시방리 지선,,34.9641,128.7135,,408,"참돔, 우럭, 도다리 등",10,수상방갈로,"150,000원/1동",,구멍부환+구명조끼+소화기+구급약품,화장실+분리수거통,,055-639-4244,경상남도 거제시청,2022-11-23
41,장승포어촌계낚시터,바다,"경상남도 거제시 장승포동 산11-4, 산2번지 지선",,34.8642,128.7387,,782,"참돔, 우럭, 도다리 등",20,수상방갈로,"150,000원/1동",,구멍부환+구명조끼+소화기+구급약품,화장실+분리수거통,,055-639-4244,경상남도 거제시청,2022-11-23
42,선창해상낚시터,바다,경상남도 거제시 일운면 지세포해안로 240,,34.8347,128.7156,,6240,"참돔, 우럭, 도다리 등",50,수상좌대,"12,000원/인당",,구멍부환+구명조끼+소화기+구급약품,휴게실4동/다용도실1,,055-639-4244,경상남도 거제시청,2022-11-23
43,도장포낚시터,바다,경상남도 거제시 남부면 도장포3길 지선,,34.7450,128.6663,,1869,"참돔, 우럭, 도다리 등",40,수상좌대,평균2만원,,구멍부환+구명조끼+소화기+구급약품,관리실1동,,055-639-4244,경상남도 거제시청,2022-11-23
44,유호어촌계낚시터,바다,경상남도 거제시 장목면 유호리 지선,,35.0280,128.7168,,1046,"참돔, 우럭, 도다리 등",28,수상좌대,평균2만원,,구멍부환+구명조끼+소화기+구급약품,관리실1동,,055-639-4244,경상남도 거제시청,2022-11-23
45,덕포어촌계낚시터,바다,경상남도 거제시 덕포동 38-6번지 지선,,34.9107,128.7164,,1009,"참돔, 우럭, 도다리 등",24,수상 방갈로,"150,000원/1동",,구멍부환+구명조끼+소화기+구급약품,화장실+분리수거통,,055-639-4244,경상남도 거제시청,2022-11-23
46,창외어촌계낚시터,바다,경상남도 거제시 사등면 창호리 지선,,34.9269,128.5215,,1232,"참돔, 우럭, 도다리 등",15,수상 방갈로,"150,000원/1동",,구멍부환+구명조끼+소화기+구급약품,화장실+분리수거통,,055-639-4244,경상남도 거제시청,2022-11-23
47,원전어촌계 (쌍둥이2)낚시터,바다,경상남도 창원시 마산합포구 구산면 이순신로 644,경상남도 창원시 마산합포구 구산면 심리 산 2번지 앞 지선 해역 일원,35.04,128.38,,507.6,"도다리, 돔류, 볼락류,  장어류, 기타 해면어류 등",25,수상 방갈로,"20,000원/인당",,구멍부환+구명조끼+소화기+구급약품,화장실+분리수거통,,055-220-4463,창원시 마산합포구청,2021-10-11
48,원전어촌계 (재영)낚시터,바다,경상남도 창원시 마산합포구 구산면 이순신로 644,경상남도 창원시 마산합포구 구산면 심리 산 2번지 앞 지선 해역 일원,35.04,128.38,,540,"도다리, 돔류, 볼락류,  장어류, 기타 해면어류 등",28,수상 방갈로,"20,000원/인당",,구멍부환+구명조끼+소화기+구급약품,화장실+분리수거통,,055-220-4463,창원시 마산합포구청,2021-10-11
49,원전어촌계 (순찬)낚시터,바다,경상남도 창원시 마산합포구 구산면 이순신로 644,경상남도 창원시 마산합포구 구산면 심리 산 4-4번지 앞 지선 해역 일원,35.04,128.38,,540,"도다리, 돔류, 볼락류,  장어류, 기타 해면어류 등",28,수상 방갈로,"20,000원/인당",,구멍부환+구명조끼+소화기+구급약품,화장실+분리수거통,,055-220-4463,창원시 마산합포구청,2021-10-11
50,원전어촌계 (황금)낚시터,바다,경상남도 창원시 마산합포구 구산면 이순신로 644,경상남도 창원시 마산합포구 구산면 심리 산 4-4번지 앞 지선 해역 일원,35.04,128.38,,636.5,"도다리, 돔류, 볼락류,  장어류, 기타 해면어류 등",37,수상 방갈로,"20,000원/인당",,구멍부환+구명조끼+소화기+구급약품,화장실+분리수거통,,055-220-4463,창원시 마산합포구청,2021-10-11
51,원전어촌계 (바다)낚시터,바다,경상남도 창원시 마산합포구 구산면 이순신로 644,경상남도 창원시 마산합포구 구산면 심리 산 4-4번지 앞 지선 해역 일원,35.04,128.38,,540,"도다리, 돔류, 볼락류,  장어류, 기타 해면어류 등",28,수상 방갈로,"20,000원/인당",,구멍부환+구명조끼+소화기+구급약품,화장실+분리수거통,,055-220-4463,창원시 마산합포구청,2021-10-11
52,원전어촌계 (천수)낚시터,바다,경상남도 창원시 마산합포구 구산면 이순신로 644,경상남도 창원시 마산합포구 구산면 심리 산 2번지 앞 지선 해역 일원,35.04,128.38,,532.8,"도다리, 돔류, 볼락류,  장어류, 기타 해면어류 등",28,수상 방갈로,"20,000원/인당",,구멍부환+구명조끼+소화기+구급약품,화장실+분리수거통,,055-220-4463,창원시 마산합포구청,2021-10-11
53,원전어촌계 (가고파)낚시터,바다,경상남도 창원시 마산합포구 구산면 이순신로 644,경상남도 창원시 마산합포구 구산면 심리 산 2번지 앞 지선 해역 일원,35.04,128.38,,540,"도다리, 돔류, 볼락류,  장어류, 기타 해면어류 등",28,수상 방갈로,"20,000원/인당",,구멍부환+구명조끼+소화기+구급약품,화장실+분리수거통,,055-220-4463,창원시 마산합포구청,2021-10-11
54,원전어촌계 (혜주)낚시터,바다,경상남도 창원시 마산합포구 구산면 이순신로 644,경상남도 창원시 마산합포구 구산면 심리 산 2번지 앞 지선 해역 일원,35.04,128.38,,509.4,"도다리, 돔류, 볼락류,  장어류, 기타 해면어류 등",23,수상 방갈로,"20,000원/인당",,구멍부환+구명조끼+소화기+구급약품,화장실+분리수거통,,055-220-4463,창원시 마산합포구청,2021-10-11
55,원전어촌계 (태진)낚시터,바다,경상남도 창원시 마산합포구 구산면 이순신로 644,경상남도 창원시 마산합포구 구산면 심리 산 2번지 앞 지선 해역 일원,35.04,128.38,,570.4,"도다리, 돔류, 볼락류,  장어류, 기타 해면어류 등",28,수상 방갈로,"20,000원/인당",,구멍부환+구명조끼+소화기+구급약품,화장실+분리수거통,,055-220-4463,창원시 마산합포구청,2021-10-11
56,원전어촌계 (태양)낚시터,바다,경상남도 창원시 마산합포구 구산면 이순신로 644,경상남도 창원시 마산합포구 구산면 심리 산 2번지 앞 지선 해역 일원,35.04,128.38,,554.4,"도다리, 돔류, 볼락류,  장어류, 기타 해면어류 등",31,수상 방갈로,"20,000원/인당",,구멍부환+구명조끼+소화기+구급약품,화장실+분리수거통,,055-220-4463,창원시 마산합포구청,2021-10-11
57,원전어촌계 (조선)낚시터,바다,경상남도 창원시 마산합포구 구산면 이순신로 644,경상남도 창원시 마산합포구 구산면 심리 산 2번지 앞 지선 해역 일원,35.04,128.38,,461.1,"도다리, 돔류, 볼락류,  장어류, 기타 해면어류 등",20,수상 방갈로,"20,000원/인당",,구멍부환+구명조끼+소화기+구급약품,화장실+분리수거통,,055-220-4463,창원시 마산합포구청,2021-10-11
58,원전어촌계 (삼정)낚시터,바다,경상남도 창원시 마산합포구 구산면 이순신로 644,경상남도 창원시 마산합포구 구산면 심리 산 2번지 앞 지선 해역 일원,35.04,128.38,,507,"도다리, 돔류, 볼락류,  장어류, 기타 해면어류 등",24,수상 방갈로,"20,000원/인당",,구멍부환+구명조끼+소화기+구급약품,화장실+분리수거통,,055-220-4463,창원시 마산합포구청,2021-10-11
59,원전어촌계 (대봉)낚시터,바다,경상남도 창원시 마산합포구 구산면 이순신로 644,경상남도 창원시 마산합포구 구산면 심리 산 2번지 앞 지선 해역 일원,35.04,128.38,,534.6,"도다리, 돔류, 볼락류,  장어류, 기타 해면어류 등",27,수상 방갈로,"20,000원/인당",,구멍부환+구명조끼+소화기+구급약품,화장실+분리수거통,,055-220-4463,창원시 마산합포구청,2021-10-11
60,원전어촌계 (강민)낚시터,바다,경상남도 창원시 마산합포구 구산면 이순신로 644,경상남도 창원시 마산합포구 구산면 심리 산 2번지 앞 지선 해역 일원,35.04,128.38,,540,"도다리, 돔류, 볼락류,  장어류, 기타 해면어류 등",28,수상 방갈로,"20,000원/인당",,구멍부환+구명조끼+소화기+구급약품,화장실+분리수거통,,055-220-4463,창원시 마산합포구청,2021-10-11
61,원전어촌계 (선창)낚시터,바다,경상남도 창원시 마산합포구 구산면 이순신로 644,경상남도 창원시 마산합포구 구산면 심리 산 2번지 앞 지선 해역 일원,35.04,128.38,,519.9,"도다리, 돔류, 볼락류,  장어류, 기타 해면어류 등",26,수상 방갈로,"20,000원/인당",,구멍부환+구명조끼+소화기+구급약품,화장실+분리수거통,,055-220-4463,창원시 마산합포구청,2021-10-11
62,실리도 어촌계 (반야2)낚시터,바다,경상남도 창원시 마산합포구 구산면 실리섬길 3,경상남도 창원시 마산합포구 구산면 심리 산 1번지 앞 지선 해역 일원,35.03,128.38,,516.3,"도다리, 돔류, 볼락류,  장어류, 기타 해면어류 등",20,수상 방갈로,"20,000원/인당",,구멍부환+구명조끼+소화기+구급약품,화장실+분리수거통,,055-220-4463,창원시 마산합포구청,2021-10-11
63,실리도 어촌계 (반야1)낚시터,바다,경상남도 창원시 마산합포구 구산면 실리섬길 3,경상남도 창원시 마산합포구 구산면 심리 산 1번지 앞 지선 해역 일원,35.03,128.38,,463,"도다리, 돔류, 볼락류,  장어류, 기타 해면어류 등",16,수상 방갈로,"20,000원/인당",,구멍부환+구명조끼+소화기+구급약품,화장실+분리수거통,,055-220-4463,창원시 마산합포구청,2021-10-11
64,실리도 어촌계 (한마음2)낚시터,바다,경상남도 창원시 마산합포구 구산면 실리섬길 3,경상남도 창원시 마산합포구 구산면 심리 산 1번지 앞 지선 해역 일원,35.03,128.38,,476,"도다리, 돔류, 볼락류,  장어류, 기타 해면어류 등",17,수상 방갈로,"20,000원/인당",,구멍부환+구명조끼+소화기+구급약품,화장실+분리수거통,,055-220-4463,창원시 마산합포구청,2021-10-11
65,실리도 어촌계 (한마음1)낚시터,바다,경상남도 창원시 마산합포구 구산면 실리섬길 3,경상남도 창원시 마산합포구 구산면 심리 산 1번지 앞 지선 해역 일원,35.03,128.38,,379.5,"도다리, 돔류, 볼락류,  장어류, 기타 해면어류 등",12,수상 방갈로,"20,000원/인당",,구멍부환+구명조끼+소화기+구급약품,화장실+분리수거통,,055-220-4463,창원시 마산합포구청,2021-10-11
66,실리도 어촌계 (선창2)낚시터,바다,경상남도 창원시 마산합포구 구산면 이순신로 644,경상남도 창원시 마산합포구 구산면 심리 산 2번지 앞 지선 해역 일원,35.03,128.38,,472.5,"도다리, 돔류, 볼락류,  장어류, 기타 해면어류 등",20,수상 방갈로,"20,000원/인당",,구멍부환+구명조끼+소화기+구급약품,화장실+분리수거통,,055-220-4463,창원시 마산합포구청,2021-10-11
67,실리도 어촌계 (금양)낚시터,바다,경상남도 창원시 마산합포구 구산면 이순신로 644,경상남도 창원시 마산합포구 구산면 심리 산 2번지 앞 지선 해역 일원,35.03,128.38,,490,"도다리, 돔류, 볼락류,  장어류, 기타 해면어류 등",23,수상 방갈로,"20,000원/인당",,구멍부환+구명조끼+소화기+구급약품,화장실+분리수거통,,055-220-4463,창원시 마산합포구청,2021-10-11
68,실리도 어촌계 (백마)낚시터,바다,경상남도 창원시 마산합포구 구산면 이순신로 644,경상남도 창원시 마산합포구 구산면 심리 산 2번지 앞 지선 해역 일원,35.04,128.38,,490,"도다리, 돔류, 볼락류,  장어류, 기타 해면어류 등",23,수상 방갈로,"20,000원/인당",,구멍부환+구명조끼+소화기+구급약품,화장실+분리수거통,,055-220-4463,창원시 마산합포구청,2021-10-11
69,원전어촌계 (삼성)낚시터,바다,경상남도 창원시 마산합포구 구산면 이순신로 644,경상남도 창원시 마산합포구 구산면 심리 산 2번지 앞 지선 해역 일원,35.03,128.38,,498.75,"도다리, 돔류, 볼락류,  장어류, 기타 해면어류 등",21,수상 방갈로,"20,000원/인당",,구멍부환+구명조끼+소화기+구급약품,화장실+분리수거통,,055-220-4463,창원시 마산합포구청,2021-10-11
70,고고실내바다낚시,기타,양산시 하북면 용연로 109-1,양산시 하북면 백록리 1251-2,35.44907046,129.0739858,055-375-8850,129,광어,46,실내낚시터,44000원/3시간,,"소화기, 구명환, 방송시설 등",화장실,없음,055-392-5373,양산시농업기술센터,2022-06-02
71,해적낚시까페,기타,"양산시 물금읍 야리로 129, 402호",양산시 물금읍 가촌리 1291-2,35.312878,129.009007,055-366-8889,36,"붕어, 잉어",20,실내낚시터,10000원/1시간,,"소화기, 구명환, 방송시설 등",화장실,없음,055-392-5373,양산시농업기술센터,2022-06-02
72,힐링낚시까페,기타,양산시 북정서길 16 세롬성원네오파트 상가동 B101호,양산시 북정동 884-2 세롬성원네오파트 상가동 B101호,35.35965485,129.042319,055-388-7839,66,"붕어, 잉어",29,실내낚시터,10000원/1시간,,"소화기, 구명환, 방송시설 등",화장실,없음,055-392-5373,양산시농업기술센터,2022-06-02
73,화제낚시터,기타,경상남도 양산시 원동로 715-33,양산시 원동면 화제리 3094-3,35.341618,128.969791,,3444,"붕어, 잉어",90,수상좌대,10000원/1일,,"소화기, 구명환, 방송시설 등",화장실,없음,055-392-5373,양산시농업기술센터,2021-10-28
74,용연낚시터,기타,경상남도 양산시 하북면 삼리길 62-10,경상남도?양산시?하북면?용연리 613,35.444533,129.079991,055-374-9908,10652,"붕어, 잉어",75,수상좌대,10000원/1일,,"소화기, 구명환, 방송시설 등",화장실,없음,055-392-5373,양산시농업기술센터,2022-06-02
75,산천낚시터,기타,경상남도 양산시 하북면 백록로 123,양산시 하북면 백록리 272-1,35.459104,129.085365,,8294,"붕어, 잉어",75,수상좌대,10000원/1일,,"소화기, 구명환, 방송시설 등",화장실,없음,055-392-5373,양산시농업기술센터,2022-06-02
76,중화어촌계낚시터,바다,,경상남도 통영시 산양읍 연화리 산 228,34.780811,128.379185,,0.02,해수어류,8,수상방갈로,"1일 20,000원",,구명부환+구명조끼+소화기,휴게실+다용도실+화장실,,055-650-0810,통영시 해양개발과,2022-04-14
77,도동 낚시터,바다,경상남도 통영시 욕지면 욕지일주로 896-104,경상남도 통영시 욕지면 서산리 606,34.679583,128.253251,,0.03,해수어류,12,수상좌대,"1일 20,000원",,구명부환+구명조끼+소화기,화장실+휴지통,,055-650-0810,통영시 해양개발과,2022-04-14
78,용머리낚시터,바다,경상남도 통영시 욕지면 연화리 산 13,경상남도 통영시 욕지면 연화리 산 13,34.65714676,128.3469023,,0.5,해수어류,15,수상방갈로 1,1일 20000원,,구명부환+구명조끼+소화기,휴게실+화장실+쉼터,,055-650-0810,통영시 해양개발과,2022-04-14
79,동영낚시터,바다,경상남도 통영시 욕지면 연화리 산 145-1,경상남도 통영시 욕지면 연화리 산 145-1,34.64936942,128.3490952,,0.5,해수어류,25,수상방갈로 2,1일 20000원,,구명부환+구명조끼+소화기,휴게실+화장실+쉼터,,055-650-0810,통영시 해양개발과,2022-04-14
80,능양유료낚시터,바다,경상남도 통영시 사량면 양지리 산 94,경상남도 통영시 사량면 양지리 산 94,34.80872192,128.2405895,,0.5,해수어류,10,수산방갈로 1,1일 20000원,,구명부환+구명조끼+소화기,휴게실+화장실+쉼터,,055-650-0810,통영시 해양개발과,2022-04-14
81,유동낚시터,바다,경상남도 통영시 욕지면 서산리 117-1 마을회관,경상남도 통영시 욕지면 서산리 117-1 마을회관,34.80872192,128.2405895,,0.5,해수어류,20,수상방갈로 1,1일 20000원,,구명부환+구명조끼+소화기,화장실+휴게실+안전 쉼터,,055-650-0810,통영시 해양개발과,2022-04-14
82,한마음낚시터,바다,경상남도 통영시 욕지면 노대리 44-1,경상남도 통영시 욕지면 노대리 44-1,34.66611518,128.2483465,,0.09,해수어류,35,수상방갈로,1일 20000원,,구명부환+구명조끼+소화기,화장실+휴지통+안전쉼터,,055-650-0810,통영시 해양개발과,2022-04-14
83,통영등대낚시공원,바다,경상남도 통영시 산양읍 영운리 72-12,경상남도 통영시 산양읍 영운리 72-12,34.81074538,128.441055,,5.1,해수어류,60,잔교형좌대,1일 20000원,,구명부환+구명조끼+소화기,화장실+휴지통+관리사무실,,055-650-0810,통영시 해양개발과,2022-04-14
84,제2유동낚시터,바다,경상남도 통영시 욕지면 서산리 산33,경상남도 통영시 욕지면 서산리 산33,34.61695055,128.2325726,,0.09,해수어류,40,수상방갈로,1일 20000원,,구명부환+구명조끼+소화기,화장실+휴지통,,055-650-0810,통영시 해양개발과,2022-04-14
85,중화어촌계낚시터,바다,경상남도 통영시 산양읍 연화리 산228,경상남도 통영시 산양읍 연화리 산228,34.77924079,128.3789691,,0.6,해수어류,50,수상좌대,1일 20000원,,구명부환+구명조끼+소화기,화장실+휴지통+안전쉼터,,055-650-0810,통영시 해양개발과,2022-04-14
86,외지유료낚시터,바다,경상남도 통영시 사량면 양지리 677-6,경상남도 통영시 사량면 양지리 677-6,34.81235844,128.2147933,,0.1,해수어류,39,수상방갈로,1일 100000원,,구명부환+구명조끼+소화기,화장실+휴지통+안전쉼터,,055-650-0810,통영시 해양개발과,2022-04-14
87,옥동산내어촌계 유료낚시터,바다,경상남도 통영시 욕지면 동항리 183-4,경상남도 통영시 욕지면 동항리 183-4,34.63404947,128.2808186,,0.1,해수어류,53,수상방갈로,1일 15000원,,구명부환+구명조끼+소화기,화장실+휴지통+안전쉼터,,055-650-0810,통영시 해양개발과,2022-04-14
88,백학어촌계 유료낚시터,바다,경상남도 통영시 사량면 양지리 산 88-1,경상남도 통영시 사량면 양지리 산 88-1,34.80861114,128.2550604,,0.05,해수어류,20,수상방갈로,1일 20000원,,구명부환+구명조끼+소화기,화장실+휴지통+안전쉼터,,055-650-0810,통영시 해양개발과,2022-04-14
89,사량도 바다낚시터,바다,경상남도 통영시 사량면 금평리 247-10,경상남도 통영시 사량면 금평리 247-10,34.84478654,128.223943,,0.04,해수어류,20,수상방갈로,1일 20000원,,구명부환+구명조끼+소화기,화장실+휴지통+안전쉼터,,055-650-0810,통영시 해양개발과,2022-04-14
90,탄항좌대낚시터,바다,경상남도 통영시 욕지면 노대리 산14-6,경상남도 통영시 욕지면 노대리 산14-6,34.679583,128.253251,,0.1,해수어류,19,수상좌대,1일 20000원,,구명부환+구명조끼+소화기,화장실+휴지통+안전쉼터,,055-650-0810,통영시 해양개발과,2022-04-14
91,동두좌대낚시터,바다,경상남도 통영시 욕지면 연화리 산2-45,경상남도 통영시 욕지면 연화리 산2-45,34.642713,128.369739,,0.06,해수어류,20,수상좌대,1일 20000원,,구명부환+구명조끼+소화기,화장실+휴지통+안전쉼터,,055-650-0810,통영시 해양개발과,2022-04-14
92,장촌낚시터,바다,경상남도 통영시 산양읍 풍화리 343-1,경상남도 통영시 산양읍 풍화리 343-1,34.817821,128.37093,,0.18,해수어류,48,수상방갈로,1일 20000원,,구명부환+구명조끼+소화기,화장실+휴지통+안전쉼터,,055-650-0810,통영시 해양개발과,2022-04-14
93,동머리낚시터,바다,경상남도 통영시 욕지면 연화리 산2-46,경상남도 통영시 욕지면 연화리 산2-46,34.642236,128.370198,,0.04,해수어류,20,수상방갈로,1일 20000원,,구명부환+구명조끼+소화기,화장실+휴지통+안전쉼터,,055-650-0810,통영시 해양개발과,2022-04-14
94,노대조은낚시터,바다,경상남도 통영시 욕지면 노대리 산15-24,경상남도 통영시 욕지면 노대리 산15-24,34.669446,128.251937,,0.04,해수어류,23,수상방갈로,1일 20000원,,구명부환+구명조끼+소화기,화장실+휴지통+안전쉼터,,055-650-0810,통영시 해양개발과,2022-04-14
95,합천손맛낚시터,저수지,경상남도 합천군 대양면 아천길 47-36,경상남도 합천군 대양면 아천리 968,35.541587,128.172937,055-932-0595,1572,잉어+붕어+메기+동자개,50,고정형,1일 10000원,,구명부환+소화기+구명조끼+구급약품세트,화장실+세면소+쓰레기통,정양늪생태공원+합천 영상테마파크,055-930-3556,경상남도 합천군청,2022-11-04
96,지정낚시터,평지,경상남도 의령군 지정면 함의로 1360-17,경상남도 의령군 지정면 봉곡리 206-2,35.37455951,128.402504,055-572-1231,2974,붕어+잉어,30,고정형,1일 30000원,,구명부환+소화기+구급약품+전기설비,화장실,이병철생가+탑바위,055-570-4194,경상남도 의령군청,2022-11-25
97,설리바다낚시터,바다,경상남도 남해군 미조면 미송로303번안길 8-13,경상남도 남해군 미조면 송정리 985-1,34.704381,128.027913,055-867-9001,264,참돔+볼락,18,부유형,"1인 20,000원",,구명부환+소화기+구명로프+구급약품,화장실+쓰레기통,,,설리어촌계,2022-10-14
98,설리 낚시터,바다,경상남도 남해군 미조면 미송로303번안길 8-13,경상남도 남해군 미조면 송정리 985-1,34.706407,128.024712,055-867-9001,2392,감성돔+볼락+문어+도다리,10,부유형,"3인 120,000원",,구명부환+소화기+구명로프+구급약품,화장실+쓰레기통,,,설리어촌계,2022-10-14
99,사항제2낚시터,바다,경상남도 남해군 미조면 미조로 212,경상남도 남해군 미조면 미조리 168-46,34.708829,128.058231,055-867-6514,940,감성돔+볼락+문어+도다리,7,부유형,"1인 25,000원",,구명부환+소화기+구명로프+구급약품,화장실+쓰레기통,,,사항어촌계,2022-10-14
100,사항어촌계 낚시터,바다,경상남도 남해군 미조면 미조로 212,경상남도 남해군 미조면 미조리 168-46,34.70905674,128.0482496,055-867-6514,16500,감성돔+볼락+문어+도다리,25,부유형,"1인 25,000원",,구명부환+소화기+구명로프+구급약품,화장실+쓰레기통,,,사항어촌계,2022-10-14
101,필봉정낚시터,평지,,경상남도 김해시 대동면 괴정리 311-3번지,35.2613093237,128.9836764184,,1320,잉어+붕어,45,고정형,15000,,구명부환+구명줄+소화기+방송시설+구급약품,화장실,,055-350-4142,경사남도 김해시청,2022-11-15
102,화현낚시터,평지,,경상남도 김해시 상동면 감노리 17번지,35.3355934311,128.9393673144,,5800,잉어+붕어,100,고정형,20000,,구명부환+구명줄+소화기+방송시설+구급약품,화장실,,055-350-4142,경사남도 김해시청,2022-11-15
103,아빠와 고래,기타,경상남도 김해시 함박로 121,경상남도 김해시 외동 1260-1번지 지하1층,35.2341349765,128.8680469508,,79.9,광어+도다리,40,고정형,10000,,구명부환+구명줄+소화기+방송시설+구급약품,화장실+휴게실,,055-350-4142,경사남도 김해시청,2022-11-15
104,다낚아 낚시터,기타,경상남도 김해시 함박로 119번길 17,경상남도 김해시 외동 1259-4번지 201호,35.2336358319,128.8672616006,,58.2,잉어+붕어,30,고정형,10000,,구명부환+구명줄+소화기+방송시설+구급약품,화장실+휴게실,,055-350-4142,경사남도 김해시청,2022-11-15
105,대치유료낚시터,기타,"경상남도 하동군 금남면 장환길 104-132, 대치유료낚시터",경상남도 하동군 금남면 대치리 산 115 대치유료낚시터,34.957336,127.897285,,842.19,해면어류,72,"좌대 3, 방갈로 6","좌대 20,000원 방갈로 30,000원",,구명부환+구명조끼+소화기,화장실+분리수거통,,,대치어촌계,2022-12-01
106,대도유료낚시터,기타,"경상남도 하동군 금남면 대도길 117, 대도복지회관",경상남도 하동군 금남면 대도리 143-2 대도복지회관,34.932254,127.832022,,1517.1,해면어류,55,"좌대, 방갈로","좌대 15,000원 방갈로 25,000원",,"구명부환, 구명조끼, 소화기, 구급약품 등","화장실, 쓰레기통",,,대도어촌계,2022-12-01
107,송문유료낚시터,기타,경상남도 하동군 금남면 미법마을길 40-5,경상남도 하동군 금남면 송문리 741,34.951171,127.855957,,361.9,해면어류,40,"좌대, 방갈로","방갈로 30,000원",,"구명부환, 구명조끼, 소화기, 구급약품 등","화장실, 쓰레기통",,,송문어촌계,2022-12-01