1,용곡낚시터,저수지,충청북도 청주시 상당구 미원면 미원초정로 685-26,충청북도 청주시 상당구 미원면 종암리 449,36.683613,127.636857,,284597,붕어+잉어+향어,44,고정형,20000원,,구명부환+소화기+구급약품+전기설비,화장실+쓰레기통,,,청주시청,2020-07-20
2,황청낚시터,저수지,충청북도 청주시 상당구 남일면 황청리길 119,충청북도 청주시 상당구 남일면 황청리 163,36.594752,127.555039,,9000,붕어+잉어+향어,44,고정형,25000원,,구명부환+소화기+구급약품+전기설비,화장실+쓰레기통,,,청주시청,2020-07-20
3,한계리낚시터,저수지,충청북도 청주시 상당구 가덕면 한계1길 170,충청북도 청주시 상당구 가덕면 한계리 294-1,36.606594,127.562466,,139266,붕어+잉어+향어,150,고정형,30000원,,구명부환+소화기+구급약품+전기설비,화장실+쓰레기통,,,청주시청,2020-07-20
4,중리낚시터,저수지,충청북도 청주시 상당구 미원면 쌍이운교로 262,충청북도 청주시 상당구 미원면 중리 316-1,36.669118,127.665454,,129105,붕어+잉어+향어,86,고정형,25000원,,구명부환+소화기+구급약품+전기설비,화장실+쓰레기통,,,청주시청,2020-07-20
5,이정골낚시터,저수지,,충청북도 청주시 상당구 용정동 23-1,36.636061,127.523977,,32129,붕어+잉어+향어,160,고정형,20000원,,구명부환+소화기+구급약품+전기설비,화장실+쓰레기통,,,청주시청,2020-07-20
6,장자골낚시터,저수지,충청북도 청주시 상당구 문의면 남계1길 3,충청북도 청주시 상당구 문의면 남계리 161-2,36.535554,127.503843,,7669,붕어+잉어+향어,80,고정형,25000원,,구명부환+소화기+구급약품+전기설비,화장실+쓰레기통,,,청주시청,2020-07-20
7,척산낚시터,저수지,,충청북도 청주시 서원구 남이면 척산리 176-2,36.559086,127.453531,,21724,붕어+잉어+향어,120,고정형,30000원,,구명부환+소화기+구급약품+전기설비,화장실+쓰레기통,,,청주시청,2020-07-20
8,일신낚시터,평지,충청북도 청주시 청원구 오창읍 일신길 34-27,충청북도 청주시 청원구 오창읍 일신리 302-1,36.756746,127.470374,,2700,붕어+잉어+향어,100,고정형,15000원,,구명부환+소화기+구급약품+전기설비,화장실+쓰레기통,,,청주시청,2020-07-20
9,유호정낚시터,저수지,충청북도 청주시 청원구 내수읍 우산2길 65,충청북도 청주시 청원구 내수읍 우산리 94-2,36.710498,127.412345,,36826,붕어+잉어+향어,182,고정형,30000원,,구명부환+소화기+구급약품+전기설비,화장실+쓰레기통,,,청주시청,2020-07-20
10,부연낚시터,저수지,충청북도 청주시 청원구 북이면 신기초정로 335,충청북도 청주시 청원구 북이면 부연리 280,36.736716,127.573571,,34233,붕어+잉어+향어,150,고정형,20000원,,구명부환+소화기+구급약품+전기설비,화장실+쓰레기통,,,청주시청,2020-07-20
11,초정낚시터,저수지,충청북도 청주시 청원구 내수읍 세교초정로 369,충청북도 청주시 청원구 내수읍 우산리 172,36.714903,127.599766,,8721,붕어+잉어+향어,46,고정형,30000원,,구명부환+소화기+구급약품+전기설비,화장실+쓰레기통,,,청주시청,2020-07-20
12,비상낚시터,저수지,충청북도 청주시 청원구 내수읍 비상길 22-58,충청북도 청주시 청원구 내수읍 비상리 508,36.704427,127.580032,,27772,붕어+잉어+향어,42,고정형,30000원,,구명부환+소화기+구급약품+전기설비,화장실+쓰레기통,,,청주시청,2020-07-20
13,송말낚시터,저수지,충청북도 청주시 흥덕구 지동로75번길 39 (지동동),충청북도 청주시 흥덕구 지동동 186-1,36.642624,127.412433,,7656,붕어+잉어+향어,70,고정형,30000원,,구명부환+소화기+구급약품+전기설비,화장실+쓰레기통,,,청주시청,2020-07-20
14,소로낚시터,저수지,충청북도 청주시 흥덕구 옥산면 소로2길 148,충청북도 청주시 흥덕구 옥산면 소로리 75-1,36.697368,127.401441,,13085,붕어+잉어+향어,180,고정형,30000원,,구명부환+소화기+구급약품+전기설비,화장실+쓰레기통,,,청주시청,2020-07-20
15,호암낚시터,저수지,충청북도 청주시 흥덕구 서부로 988-194 (석곡동),충청북도 청주시 흥덕구 석곡동 317-1,36.606843,127.418748,,9735,붕어+잉어+향어,100,고정형,15000원,,구명부환+소화기+구급약품+전기설비,화장실+쓰레기통,,,청주시청,2020-07-20
16,공북낚시터,저수지,충청북도 청주시 흥덕구 오송읍 정중연제로 651-84,충청북도 청주시 흥덕구 오송읍 공북리 산 58,36.652114,127.312772,,49917,붕어+잉어+향어,350,고정형,30000원,,구명부환+소화기+구급약품+전기설비,화장실+쓰레기통,,,청주시청,2020-07-20
17,성화낚시터,평지,충청북도 청주시 서원구 성화로 43-9 (성화동),충청북도 청주시 서원구 성화동 199-1,36.608749,127.446669,,3305,붕어+잉어+향어,70,고정형,10000원,,구명부환+소화기+구급약품+전기설비,화장실+쓰레기통,,,청주시청,2020-07-20
18,주성낚시터,평지,"충청북도 청주시 청원구 내수읍 도원세교로 124-88, 주성낚시터",충청북도 청주시 청원구 내수읍 덕암리 573 주성낚시터,36.700498,127.536579,,1961,붕어+잉어+향어,50,고정형,15000원,,구명부환+소화기+구급약품+전기설비,화장실+쓰레기통,,,청주시청,2020-07-20
19,옥산낚시터,평지,,충청북도 청주시 흥덕구 신촌동 413-9,36.653982,127.386549,,7519,붕어+잉어+향어,50,고정형,15000원,,구명부환+소화기+구급약품+전기설비,화장실+쓰레기통,,,청주시청,2020-07-20
20,연정낚시터,평지,충청북도 청주시 흥덕구 강내면 연정1길 26,충청북도 청주시 흥덕구 강내면 연정리 91,36.581306,127.380048,,5100,붕어+잉어+향어,80,고정형,30000원,,구명부환+소화기+구급약품+전기설비,화장실+쓰레기통,,,청주시청,2020-07-20
21,백야낚시터,저수지,음성군 금왕읍 백야로 320,금왕읍 용계리 산8-2,39.967806,127.603211,,44.6,붕어,70,"고정형, 수상형","15,000~20000",관리실 문의,구명부환*소화기*구급약 등,화장실*쓰레기통 등,한독의약박물관,,충청북도 음성군청,2020-06-30
22,내곡낚시터,저수지,음성군 금왕읍 마루택길29번길 63,금왕읍 구계리 229,37.01744,127.53839,,16.5,붕어,70,"고정형, 수상형",20000,관리실 문의,구명부환*소화기*구급약 등,화장실*쓰레기통 등,한독의약박물관,,충청북도 음성군청,2020-06-30
23,사계지낚시터,저수지,음성군 금왕읍 보습길 77,금왕읍 구계리 179,37.020711,127.551423,043-878-8819,5.2,붕어,70,"고정형, 수상형",25000,관리실 문의,구명부환*소화기*구급약 등,화장실*쓰레기통 등,한독의약박물관,,충청북도 음성군청,2020-06-30
24,주봉낚시터,저수지,음성군 원남면 주봉로 141,원남면 주봉리 391,36.866529,127.675445,,13.6,붕어,70,"고정형, 수상형",30000,관리실 문의,구명부환*소화기*구급약 등,화장실*쓰레기통 등,반기문생가,,충청북도 음성군청,2020-06-30
25,마이제낚시터,저수지,음성군 삼성면 덕정로65번길 102,삼성면 덕정리 255-1,37.027938,127.494112,,12.3,붕어,70,"고정형, 수상형",20000,관리실 문의,구명부환*소화기*구급약 등,화장실*쓰레기통 등,한독의약박물관,,충청북도 음성군청,2020-06-30
26,맹동낚시터,저수지,음성군 맹동면 군자길 1492,맹동면 통동리 산34-1,36.894167,127.571429,,98,붕어,70,"고정형, 수상형",20000,관리실 문의,구명부환*소화기*구급약 등,화장실*쓰레기통 등,한독의약박물관,,충청북도 음성군청,2020-06-30
27,중부낚시터,저수지,음성군 삼성면 용성로5번길 86-24,삼성면 용성리 184,37.001845,127.47583,,5,붕어,70,"고정형, 수상형",25000,관리실 문의,구명부환*소화기*구급약 등,화장실*쓰레기통 등,한독의약박물관,,충청북도 음성군청,2020-06-30
28,양덕낚시터,저수지,음성군 삼성면 금일로 1064-6,삼성면 양덕리 292,37.026576,127.484692,,5.2,붕어,70,"고정형, 수상형",20000,관리실 문의,구명부환*소화기*구급약 등,화장실*쓰레기통 등,한독의약박물관,,충청북도 음성군청,2020-06-30
29,상곡낚시터,저수지,음성군 삼성면 점골길 51,삼성면 상곡리 상곡리 411,37.013504,127.450467,,2.5,붕어,50,"고정형, 수상형",30000,관리실 문의,구명부환*소화기*구급약 등,화장실*쓰레기통 등,한독의약박물관,,충청북도 음성군청,2020-06-30
30,차평낚시터,저수지,음성군 생극면 차생로 618-20,생극면 차평리 26-2,37.049326,127.622166,043-877-2178,10.7,붕어,70,"고정형, 수상형",30000,관리실 문의,구명부환*소화기*구급약 등,화장실*쓰레기통 등,한독의약박물관,,충청북도 음성군청,2020-06-30
31,큰골낚시터,저수지,음성군 감곡면 대학길190번길 59,감곡면 단펑리 74,37.138054,127.648323,,4.7,붕어,70,"고정형, 수상형",30000,관리실 문의,구명부환*소화기*구급약 등,화장실*쓰레기통 등,"철박물관, 매괴성당",,충청북도 음성군청,2020-06-30
32,오궁낚시터,저수지,음성군 감곡면 오궁리 124-2,감곡면 오궁리 124-2,37.111463,127.672462,043-877-6787,2.2,붕어,70,"고정형, 수상형",10000,관리실 문의,구명부환*소화기*구급약 등,화장실*쓰레기통 등,"철박물관, 매괴성당",,충청북도 음성군청,2020-06-30
33,거일낚시터,저수지,음성군 감곡면 거일길 156,감곡면 오향리 31-1,37.108528,127.657346,043-881-9181,0.3,붕어,50,"고정형, 수상형",30000,관리실 문의,구명부환*소화기*구급약 등,화장실*쓰레기통 등,"철박물관, 매괴성당",,충청북도 음성군청,2020-06-30
34,봉낚시터,저수지,음성군 소이면 충갑길 196,소이면 갑산리 45-2,36.88901,127.74706,,3,붕어,60,"고정형, 수상형",30000,관리실 문의,구명부환*소화기*구급약 등,화장실*쓰레기통 등,반기문생가,,충청북도 음성군청,2020-06-30
35,감곡낚시터,저수지,음성군 감곡면 감노로 67-18,감곡면 원당리 1,37.076491,127.627197,043-878-0789,27.6,붕어,70,"고정형, 수상형",20000,관리실 문의,구명부환*소화기*구급약 등,화장실*쓰레기통 등,"철박물관, 매괴성당",,충청북도 음성군청,2020-06-30
36,용대리낚시터,저수지,음성군 삼성면 덕호로 360,삼성면 대야리 10-2,37.044544,127.514314,,4.11,붕어,70,"고정형, 수상형",20000,관리실 문의,구명부환*소화기*구급약 등,화장실*쓰레기통 등,한독의약박물관,,충청북도 음성군청,2020-06-30
37,제수리낚시터,저수지,음성군 금왕읍 금일로284번길 100-4,금왕읍 쌍봉리 264-1,37.010817,127.554459,,1.8,붕어,60,"고정형, 수상형",20000,관리실 문의,구명부환*소화기*구급약 등,화장실*쓰레기통 등,한독의약박물관,,충청북도 음성군청,2020-06-30
38,생극낚시터,기타,음성군 생극면 오신로 399-16,생극면 생리 692-1,37.025839,127.623314,043-878-2594,0.1,붕어,70,해당없음,50000,관리실 문의,구명부환*소화기*구급약 등,화장실*쓰레기통 등,한독의약박물관,,충청북도 음성군청,2020-06-30
39,복상골낚시터,평지,음성군 감곡면 사곡길 279,감곡면 사곡리 558,37.095607,127.669018,043-882-7066,0.3,붕어,50,고정형,30000,관리실 문의,구명부환*소화기*구급약 등,화장실*쓰레기통 등,"철박물관, 매괴성당",,충청북도 음성군청,2020-06-30
40,큰손낚시카페,기타,음성군 맹동면 원중로 1434(2층),맹동면 동성리 489(2층),36.90955,127.541023,,0.07,붕어,30,해당없음,5000~7000,관리실 문의,소화기*구급약 등,화장실*쓰레기통 등,한독의약박물관,,충청북도 음성군청,2020-06-30
41,힐링낚시터,기타,음성군 맹동면 대하2가길 11(지하1층),맹동면 두성리 1397,36.908066,127.54274,,0.04,붕어,30,해당없음,5000~7000,관리실 문의,소화기*구급약 등,화장실*쓰레기통 등,한독의약박물관,,충청북도 음성군청,2020-06-30
42,매전,저수지,,충청북도 괴산군 감물면 매전리 362,36.81828245,127.8860133,051-365-2782,18,잉어+붕어,50,고정형,15000,,구멍부환+구명조끼+소화기+구급약품,화장실+분리수거통,없음,043-830-3244,충청북도 괴산군청,2020-11-19
43,신흥,저수지,,충청북도 괴산군 불정면 신흥리 701-3,36.87440983,127.7893156,043-833-4500,11,잉어+붕어,100,"고정형, 부유형",15000,,구멍부환+구명조끼+소화기+구급약품,화장실+분리수거통,,043-830-3244,충청북도 괴산군청,2020-11-19
44,문광,저수지,,충청북도 괴산군 문광면 양곡리 3-4,36.769021,127.7466789,043-834-4456,19,잉어+붕어,100,"고정형, 부유형",20000,,구멍부환+구명조끼+소화기+구급약품,화장실+분리수거통,"문광은행나무길, 문광저수지",043-830-3244,충청북도 괴산군청,2020-11-19
45,박달산,저수지,,충청북도 괴산군 장연면 추점리 58,36.84527458,127.9539078,043-832-8791,3.5,잉어+붕어,70,"고정형, 부유형",30000,,구멍부환+구명조끼+소화기+구급약품,화장실+분리수거통,,043-830-3244,충청북도 괴산군청,2020-11-19
46,추산,저수지,,충청북도 괴산군 불정면 추산리 105,36.90966566,127.8198779,043-833-7866,12,잉어+붕어,50,고정형,15000,,구멍부환+구명조끼+소화기+구급약품,화장실+분리수거통,,043-830-3244,충청북도 괴산군청,2020-11-19
47,어의곡낚시터,저수지,충청북도 단양군 매포읍 단양로 1317-8,충청북도 단양군 매포읍 응실리 125-1,37.0,128.3,043-422-5693,9195,잉어+붕어,100,고정형,"30,000원",,구명부환+구명조끼+소화기+구급약품,화장실+분리수거통,,043-420-2733,단양군청,2022-06-16
48,오동낚시터,저수지,충청북도 보은군 회인면 오동4길 89,충청북도 보은군 회인면 오동리 303-4,36.5226,127.5813,,18955,향어,50,고정형,"30,000원",,구멍부환+구명조끼+소화기+구급약품,관리사+화장실+분리수거통,"속리산, 법주사",043-540-3643,충청북도 보은군청,2022-11-23
49,입큰붕어낚시터,기타,충청북도 옥천군 동이면 세산2길 10,충청북도 옥천군 동이면 세산리 678-8,36.2707834,127.6026089,,1393,붕어류,50,좌대,"25,000",,"구명부환,소화기,구급약품 등","화장실,세면실",,043-730-3542,옥천군,2020-12-14
50,비야골낚시터,기타,"충청북도 옥천군 군북면 비야대정로 282-94, 낚시터",충청북도 옥천군 군북면 증약리 319-2 낚시터,36.3532041,127.5250911,043-731-0235,4264,붕어류,50,좌대,20000,,"구명부환,소화기,구급약품 등","세면실,화장실",,043-730-3542,옥천군,2020-12-14
51,오룡낚시터,저수지,"충청북도 옥천군 이원면 백지길 169-1, 주택",충청북도 옥천군 이원면 백지리 793 주택,36.2282367,127.6764916,043-731-1320,3200,"붕어류, 기타내수면어류",45,좌대,25000,,"구명부환,소화기,구급약품 등","연안방갈로6, 휴게실",,043-730-3542,옥천군,2020-12-14
52,의평낚시터,저수지,"충청북도 옥천군 이원면 의평길 76, 주택",충청북도 옥천군 이원면 의평리 540-3 주택,36.2111008,127.6231871,,15966,붕어류,115,좌대. 방갈로,25000,,"구명부환,소화기,구급약품 등","휴게실1, 화장실3,수상좌대80",,043-730-3542,옥천군,2020-12-14
53,백지리낚시터,저수지,충청북도 옥천군 이원면 백지1길 38-12,충청북도 옥천군 이원면 백지리 621-3,36.2341709,127.6762404,,9024,붕어류,121,연안좌대,25000,,"구명부환,소화기,구급약품 등","휴게실1, 화장실3,축양장1",,043-730-3542,옥천군,2020-12-14
54,방아실낚시터,저수지,"충청북도 옥천군 군북면 비야대정로 821, 창고",충청북도 옥천군 군북면 대정리 734 창고,36.3864965,127.532302,,3730,"붕어류, 기타내수면류",76,좌대,25000,,"구명부환,소화기,구급약품 등","화장실2, 세면실1",,043-730-3542,옥천군,2020-12-14
55,은행리낚시터,저수지,충청북도 옥천군 군서면 곤룡로 428-31,충청북도 옥천군 군서면 사양리 134,36.2687414,127.5033369,,3371,붕어류,70,좌대,"20,000",,"구명부환,소화기,구급약품 등","관리사1동, 간이화장실2",,043-730-3542,옥천군,2020-12-14
56,"군서낚시터(구,장령산)",저수지,"충청북도 옥천군 군서면 동평2길 12-24, 주택",충청북도 옥천군 군서면 동평리 74-1 주택,36.2761886,127.5288594,,3272,붕어류,53,연안좌대,"20,000",,"구명부환,소화기,구급약품 등","관리사1동, 화장실2동",,043-730-3542,옥천군,2020-12-14
57,대밖낚시터,기타,충청북도 옥천군 이원면 대흥2길 32,충청북도 옥천군 이원면 강청리 10-29,36.2446326,127.6219535,,891,기타 내수면어류,40,좌대,"30,000",,"구명부환,소화기,구급약품 등","화장실,관리사무실,식당",,043-730-3542,옥천군,2020-12-14
58,대박실내낚시터,기타,"충청북도 옥천군 이원면 대흥2길 28, 대박낚시터",충청북도 옥천군 이원면 강청리 7 대박낚시터,36.2462321,127.6222385,,373,붕어류,40,좌대,"30,000",,"구명부환,소화기,구급약품 등",화장실,,043-730-3542,옥천군,2020-12-14
59,중해레저낚시터,기타,충청북도 옥천군 동이면 금강로 17-8,충청북도 옥천군 동이면 지양리 1125-2,36.2954288,127.6135057,,700,"참돔,우럭,기타해면어류",50,좌대,"40,000",,"구명부환,소화기,구급약품 등","화장실, 휴게실",,043-730-3542,옥천군,2020-12-14
60,톨게이트 낚시터,평지,충청북도 진천군 진천읍 상신2길 53,충청북도 진천군 진천읍 산척리 96-33 진천읍 상신리 373-16,36.8662,127.4749,,1529,"붕어, 향어",100,없음,낚시터 문의,,"구명부환, 구명조끼, 소화기, 구급약품","화장실, 쓰레기수거함, 관리실",,,충청북도 진천군,2020-12-22
61,구수리 낚시터,평지,"충청북도 진천군 백곡면 안구수길 34-28, 구수리낚시터",충청북도 진천군 백곡면 구수리 16-1 구수리낚시터,36.8870,127.3606,,2826,붕어,100,없음,낚시터 문의,,"구명부환, 구명조끼, 소화기, 구급약품","매점, 관리실, 화장실, 주차장",,,충청북도 진천군,2020-12-22
62,개미낚시터,평지,,충청북도 진천군 덕산읍 구산리 713-6,36.8762,127.5123,,11173,붕어,50,없음,낚시터 문의,,"구명부환, 구명조끼, 소화기, 구급약품","관리실, 화장실, 쓰레기수거함",,,충청북도 진천군,2020-12-22
63,초평낚시터,저수지,"충청북도 진천군 초평면 평화로 482, 초평호 다목적 광장",충청북도 진천군 초평면 화산리 36번지 일원,36.8103,127.5115,,873908,"메기, 붕어, 베스, 동자개",500,고정형,낚시터 문의,,"구명부환, 구명조끼, 소화기, 구급약품","화장실, 분리수거통","한반도지형, 농다리",,충청북도 진천군,2020-12-22
64,백곡낚시터,저수지,"충청북도 진천군 진천읍 백곡로 1140-14, 초원",충청북도 진천군 진천읍 건송리 299번지 일원,36.8710,127.3983,,256173,"메기, 붕어, 베스",200,고정형,낚시터 문의,,"구명부환, 구명조끼, 소화기, 구급약품","화장실, 분리수거통","역사테마공원, 종박물관",,충청북도 진천군,2020-12-22
65,극동낚시터,저수지,음성군 감곡면 성주로 362-17,감곡면 단평리 420-18,37.14878,127.64593,,1.66,붕어,100,해당없음,30000,관리실 문의,구명부환*소화기*구급약 등,화장실*쓰레기통 등,"철박물관, 매괴성당",,충청북도 음성군청,2021-09-23
66,큰손낚시카페,기타,음성군 맹동면 원중로 1434(2층),맹동면 동성리 489(2층),36.90955,127.541023,,0.07,붕어,30,해당없음,9000 ~ 10000/시간,관리실 문의,소화기*구급약 등,화장실*쓰레기통 등,한독의약박물관,,충청북도 음성군청,2021-09-23
67,복상골낚시터,평지,음성군 감곡면 사곡길 279,감곡면 사곡리 558,37.095607,127.669018,,0.3,붕어,50,해당없음,40000,관리실 문의,구명부환*소화기*구급약 등,화장실*쓰레기통 등,"철박물관, 매괴성당",,충청북도 음성군청,2021-09-23
68,생극낚시터,기타,음성군 생극면 오신로 399-16,생극면 생리 692-1,37.025839,127.623314,,0.1,붕어,70,해당없음,55000,관리실 문의,구명부환*소화기*구급약 등,화장실*쓰레기통 등,한독의약박물관,,충청북도 음성군청,2021-09-23
69,제수리낚시터,저수지,음성군 금왕읍 금일로284번길 100-4,금왕읍 쌍봉리 264-1,37.010817,127.554459,,1.8,붕어,60,"고정형, 수상형",30000,관리실 문의,구명부환*소화기*구급약 등,화장실*쓰레기통 등,한독의약박물관,,충청북도 음성군청,2021-09-23
70,용대리낚시터,저수지,음성군 삼성면 덕호로 360,삼성면 대야리 10-2,37.044544,127.514314,,4.11,붕어,70,"고정형, 수상형",30000,관리실 문의,구명부환*소화기*구급약 등,화장실*쓰레기통 등,한독의약박물관,,충청북도 음성군청,2021-09-23
71,감곡낚시터,저수지,음성군 감곡면 감노로 67-18,감곡면 상평리 산 71-3,37.076491,127.627197,,27.4,붕어,70,"고정형, 수상형",20000,관리실 문의,구명부환*소화기*구급약 등,화장실*쓰레기통 등,"철박물관, 매괴성당",,충청북도 음성군청,2021-09-23
72,봉낚시터,저수지,음성군 소이면 충갑길 196,소이면 갑산리 45-2,36.88901,127.74706,,4.3,붕어,60,"고정형, 수상형",30000,관리실 문의,구명부환*소화기*구급약 등,화장실*쓰레기통 등,반기문생가,,충청북도 음성군청,2021-09-23
73,거일낚시터,저수지,음성군 감곡면 거일길 156,감곡면 오향리 30-2,37.108528,127.657346,,0.3,붕어,50,"고정형, 수상형",30000,관리실 문의,구명부환*소화기*구급약 등,화장실*쓰레기통 등,"철박물관, 매괴성당",,충청북도 음성군청,2021-09-23
74,오궁낚시터,저수지,음성군 감곡면 오궁리 124-2,감곡면 오궁리 124-2,37.111463,127.672462,,2.2,붕어,70,"고정형, 수상형",25000,관리실 문의,구명부환*소화기*구급약 등,화장실*쓰레기통 등,"철박물관, 매괴성당",,충청북도 음성군청,2021-09-23
75,큰골낚시터,저수지,음성군 감곡면 대학길190번길 59,감곡면 단평리 74,37.138054,127.648323,,4.7,붕어,70,"고정형, 수상형",30000,관리실 문의,구명부환*소화기*구급약 등,화장실*쓰레기통 등,"철박물관, 매괴성당",,충청북도 음성군청,2021-09-23
76,차평낚시터,저수지,음성군 생극면 차생로 618-20,생극면 차평리 26-2,37.049326,127.622166,,10.7,붕어,70,"고정형, 수상형",30000,관리실 문의,구명부환*소화기*구급약 등,화장실*쓰레기통 등,한독의약박물관,,충청북도 음성군청,2021-09-23
77,상곡낚시터,저수지,음성군 삼성면 점골길 51,삼성면 상곡리 상곡리 419,37.013504,127.450467,,2.5,붕어,50,"고정형, 수상형",30000,관리실 문의,구명부환*소화기*구급약 등,화장실*쓰레기통 등,한독의약박물관,,충청북도 음성군청,2021-09-23
78,삼성지낚시터,저수지,음성군 삼성면 금일로 1064-6,삼성면 양덕리 565,37.026576,127.484692,,22.4,붕어,70,"고정형, 수상형",20000,관리실 문의,구명부환*소화기*구급약 등,화장실*쓰레기통 등,한독의약박물관,,충청북도 음성군청,2021-09-23
79,중부낚시터,저수지,음성군 삼성면 용성로5번길 86-24,삼성면 용성리 185-3,37.001845,127.47583,,5,붕어,70,"고정형, 수상형",30000,관리실 문의,구명부환*소화기*구급약 등,화장실*쓰레기통 등,한독의약박물관,,충청북도 음성군청,2021-09-23
80,맹동낚시터,저수지,음성군 맹동면 군자길 1492,맹동면 통동리 176-1,36.894167,127.571429,,98,붕어,70,"고정형, 수상형",25000,관리실 문의,구명부환*소화기*구급약 등,화장실*쓰레기통 등,한독의약박물관,,충청북도 음성군청,2021-09-23
81,마이제낚시터,저수지,음성군 삼성면 덕정로65번길 102,삼성면 덕정리 281-4,37.027938,127.494112,,12.3,붕어,70,"고정형, 수상형",25000,관리실 문의,구명부환*소화기*구급약 등,화장실*쓰레기통 등,한독의약박물관,,충청북도 음성군청,2021-09-23
82,주봉낚시터,저수지,음성군 원남면 주봉로 141,원남면 주봉리 390-4,36.866529,127.675445,,13.6,붕어,70,"고정형, 수상형",30000,관리실 문의,구명부환*소화기*구급약 등,화장실*쓰레기통 등,반기문생가,,충청북도 음성군청,2021-09-23
83,사계지낚시터,저수지,음성군 금왕읍 보습길 77,금왕읍 구계리 179,37.020711,127.551423,,5.2,붕어,70,"고정형, 수상형",30000,관리실 문의,구명부환*소화기*구급약 등,화장실*쓰레기통 등,한독의약박물관,,충청북도 음성군청,2021-09-23
84,내곡낚시터,저수지,음성군 금왕읍 마루택길29번길 63,금왕읍 구계리 444-7,37.01744,127.53839,,10.5,붕어,70,"고정형, 수상형",25000,관리실 문의,구명부환*소화기*구급약 등,화장실*쓰레기통 등,한독의약박물관,,충청북도 음성군청,2021-09-23
85,백야낚시터,저수지,음성군 금왕읍 백야로 320,금왕읍 백야리 산8-2,39.967806,127.603211,,44.6,붕어,70,"고정형, 수상형",30000,관리실 문의,구명부환*소화기*구급약 등,화장실*쓰레기통 등,한독의약박물관,,충청북도 음성군청,2021-09-23
86,선고낚시터,저수지,충청북도 제천시 약초로16길 65,충청북도 제천시 덕산면 선고리 583,36.890815,128.195143,,40467,향어+잉어,44,고정형,"50,000원",,구명부환+구명조끼+소화기,화장실+분리수거통,,,제천시,2022-11-29
87,명지낚시터,평지,충청북도 제천시 무지동길56,충청북도 제천시 명지동 336,37.104747,128.192859,,1260,향어+잉어,69,고정형,"30,000원",,구명부환+구명조끼+소화기,화장실+분리수거통,,,제천시,2022-11-29
88,"연론낚시터(짱가네, 돌감)",기타,,충청북도 제천시 연론리 573-2번지 외 28필지,36.974681,128.127429,,18850,향어+잉어,109,고정형,"60,000원",,구명부환+구명조끼+소화기,화장실+분리수거통,,,제천시,2022-11-29
89,가마실낚시터,평지,,충청북도 제천시 자작동 13,37.121795,128.297684,,1398,향어+잉어,40,고정형,"10,000원(캠핑이용시 무료)",,구명부환+구명조끼+소화기,화장실+분리수거통,,,제천시,2022-11-29
90,실리곡낚시터,기타,,충청북도 제천시 청풍면 실리곡리 산7-1번지 외 8필지,36.975227,128.172761,,4900,향어+잉어,27,고정형,"60,000원",,구명부환+구명조끼+소화기,화장실+분리수거통,,,제천시,2022-11-29
91,오산낚시터,기타,,충청북도 제천시 청풍면 오산리 209-1번지 외 17필지,37.005337,128.090962,,11500,향어+잉어,34,고정형,"60,000원",,구명부환+구명조끼+소화기,화장실+분리수거통,,,제천시,2022-11-29
92,신리낚시터,기타,,충청북도 제천시 청풍면 신리 233-1번지 외 14필지,36.995289,128.152191,,16250,향어+잉어,16,고정형,"60,000원",,구명부환+구명조끼+소화기,화장실+분리수거통,,,제천시,2022-11-29
93,대류한버들낚시터,기타,충청북도 제천시 청풍면 대류리 90번지 외 27필지,충청북도 제천시 청풍면 대류리 90번지,36.993111,128.142743,,15900,향어+잉어,30,고정형,"60,000원",,구명부환+구명조끼+소화기,화장실+분리수거통,,,제천시,2022-11-29
94,후산낚시터,기타,,충청북도 제천시 청풍면 후산리 154번지 외 31필지,37.0296435,128.1225532,,18100,향어+잉어,18,고정형,"60,000원",,구명부환+구명조끼+소화기,화장실+분리수거통,,,제천시,2022-11-29
95,쌍용낚시터,평지,충청북도 제천시 송학면 삽둔로 93,충청북도 제천시 송학면 장곡리 118-1,37.2034563,128.328410,,5715,향어+붕어+메기+잉어,50,고정형,"60,000원",,구명부환+구명조끼+소화기,화장실+분리수거통,,,제천시,2022-11-29
96,은성낚시공원,평지,"충청북도 제천시 봉양읍 논골로 242, (삼거리)",충청북도 제천시 봉양읍 삼거리 1135-16번지 외 7필지,37.1056988,128.130098,,3064,향어+붕어,98,고정형,"30,000원",,구명부환+구명조끼+소화기,화장실+분리수거통,,,제천시,2022-11-29
97,단리낚시터,기타,,충청북도 제천시 청풍면 단리 245번지 외 6필지,36.9822596,128.144141,,3540,향어+붕어,40,고정형,"50,000원",,구명부환+구명조끼+소화기,화장실+분리수거통,,,제천시,2022-11-29
98,백야낚시터,저수지,음성군 금왕읍 백야로 320,금왕읍 백야리 산8-2,39.967806,127.603211,,44.6,붕어,70,"고정형, 수상형","30,000원",관리실 문의,구명부환*소화기*구급약 등,화장실*쓰레기통 등,한독의약박물관,,충청북도 음성군청,2022-06-13
99,내곡낚시터,저수지,음성군 금왕읍 마루택길29번길 63,금왕읍 구계리 444-7,37.01744,127.53839,,10.5,붕어,90,고정형,"25,000원",관리실 문의,구명부환*소화기*구급약 등,화장실*쓰레기통 등,한독의약박물관,,충청북도 음성군청,2022-06-13
100,사계지낚시터,저수지,음성군 금왕읍 보습길 77,금왕읍 구계리 179,37.020711,127.551423,,5.2,붕어,70,고정형,"30,000원",관리실 문의,구명부환*소화기*구급약 등,화장실*쓰레기통 등,한독의약박물관,,충청북도 음성군청,2022-06-13
101,주봉낚시터,저수지,음성군 원남면 주봉로 141,원남면 주봉리 390-4,36.866529,127.675445,,13.6,붕어,139,"고정형, 수상형","30,000원",관리실 문의,구명부환*소화기*구급약 등,화장실*쓰레기통 등,반기문생가,,충청북도 음성군청,2022-06-13
102,마이제낚시터,저수지,음성군 삼성면 덕정로65번길 102,삼성면 덕정리 281-4,37.027938,127.494112,,12.3,붕어,242,"고정형, 수상형","25,000원",관리실 문의,구명부환*소화기*구급약 등,화장실*쓰레기통 등,한독의약박물관,,충청북도 음성군청,2022-06-13
103,맹동낚시터,저수지,음성군 맹동면 군자길 1492,맹동면 통동리 176-1,36.894167,127.571429,,98,붕어,75,"고정형, 수상형","25,000원",관리실 문의,구명부환*소화기*구급약 등,화장실*쓰레기통 등,한독의약박물관,,충청북도 음성군청,2022-06-13
104,중부낚시터,저수지,음성군 삼성면 용성로5번길 86-24,삼성면 용성리 185-3,37.001845,127.47583,,5,붕어,70,고정형,"30,000원",관리실 문의,구명부환*소화기*구급약 등,화장실*쓰레기통 등,한독의약박물관,,충청북도 음성군청,2022-06-13
105,삼성지낚시터,저수지,음성군 삼성면 금일로 1064-6,삼성면 양덕리 565,37.026576,127.484692,,22.4,붕어,70,"고정형, 수상형","25,000원",관리실 문의,구명부환*소화기*구급약 등,화장실*쓰레기통 등,한독의약박물관,,충청북도 음성군청,2022-06-13
106,상곡낚시터,저수지,음성군 삼성면 점골길 51,삼성면 상곡리 419,37.013504,127.450467,,2.5,붕어,50,고정형,"30,000원",관리실 문의,구명부환*소화기*구급약 등,화장실*쓰레기통 등,한독의약박물관,,충청북도 음성군청,2022-06-13
107,차평낚시터,저수지,음성군 생극면 차생로 618-20,생극면 차평리 26-2,37.049326,127.622166,,10.7,붕어,70,"고정형, 수상형","30,000원",관리실 문의,구명부환*소화기*구급약 등,화장실*쓰레기통 등,한독의약박물관,,충청북도 음성군청,2022-06-13
108,큰골낚시터,저수지,음성군 감곡면 대학길190번길 59,감곡면 단평리 74,37.138054,127.648323,,4.7,붕어,70,고정형,"30,000원",관리실 문의,구명부환*소화기*구급약 등,화장실*쓰레기통 등,"철박물관, 매괴성당",,충청북도 음성군청,2022-06-13
109,오궁낚시터,저수지,음성군 감곡면 오궁리 124-2,감곡면 오궁리 124-2,37.111463,127.672462,,2.2,붕어,70,해당없음,"25,000원",관리실 문의,구명부환*소화기*구급약 등,화장실*쓰레기통 등,"철박물관, 매괴성당",,충청북도 음성군청,2022-06-13
110,거일낚시터,저수지,음성군 감곡면 거일길 156,감곡면 오향리 30-2,37.108528,127.657346,,0.3,붕어,45,고정형,"30,000원",관리실 문의,구명부환*소화기*구급약 등,화장실*쓰레기통 등,"철박물관, 매괴성당",,충청북도 음성군청,2022-06-13
111,봉낚시터,저수지,음성군 소이면 충갑길 196,소이면 갑산리 45-2,36.88901,127.74706,,4.3,붕어,60,고정형,"30,000원",관리실 문의,구명부환*소화기*구급약 등,화장실*쓰레기통 등,반기문생가,,충청북도 음성군청,2022-06-13
112,감곡낚시터,저수지,음성군 감곡면 감노로 67-18,감곡면 상평리 산 71-3,37.076491,127.627197,,27.4,붕어,70,고정형,"20,000원",관리실 문의,구명부환*소화기*구급약 등,화장실*쓰레기통 등,"철박물관, 매괴성당",,충청북도 음성군청,2022-06-13
113,용대리낚시터,저수지,음성군 삼성면 덕호로 360,삼성면 대야리 10-2,37.044544,127.514314,,4.11,붕어,84,고정형,"30,000원",관리실 문의,구명부환*소화기*구급약 등,화장실*쓰레기통 등,한독의약박물관,,충청북도 음성군청,2022-06-13
114,제수리낚시터,저수지,음성군 금왕읍 금일로284번길 100-4,금왕읍 쌍봉리 264-1,37.010817,127.554459,,1.8,붕어,112,고정형,"30,000원",관리실 문의,구명부환*소화기*구급약 등,화장실*쓰레기통 등,한독의약박물관,,충청북도 음성군청,2022-06-13
115,생극낚시터,기타,음성군 생극면 오신로 399-16,생극면 생리 692-1,37.025839,127.623314,,0.1,붕어,70,해당없음,"55,000원",관리실 문의,구명부환*소화기*구급약 등,화장실*쓰레기통 등,한독의약박물관,,충청북도 음성군청,2022-06-13
116,복상골낚시터,평지,음성군 감곡면 사곡길 279,감곡면 사곡리 558,37.095607,127.669018,,0.3,붕어,50,고정형,"40,000원",관리실 문의,구명부환*소화기*구급약 등,화장실*쓰레기통 등,"철박물관, 매괴성당",,충청북도 음성군청,2022-06-13
117,극동낚시터,저수지,음성군 감곡면 성주로 362-17,감곡면 단평리 420-18,37.14878,127.64593,,1.66,붕어,100,고정형,"30,000원",관리실 문의,구명부환*소화기*구급약 등,화장실*쓰레기통 등,"철박물관, 매괴성당",,충청북도 음성군청,2022-06-13
118,늘푸른,저수지,충주시 살미면 월악로 745-40,충청북도 충주시 살미 무릉 265외 13필지,36.918487,128.034754,043-852-4582,2.48,"붕어, 잉어, 뱀장어 등",49,고정형,60000,수상좌대,"구명조끼, 구명환, 구명로프 등",매점,월악산 국립공원,043-850-5891,충주시청 축수산과,2022-05-31
119,병호,저수지,충주시 살미면 내사6길 30,충청북도 충주시 살미 내사 산14외 13필지,36.910801,128.020763,043-851-1478,1.03,"붕어, 잉어, 뱀장어 등",47,고정형,60000,수상좌대,"구명조끼, 구명환, 구명로프 등",매점,월악산 국립공원,043-850-5891,충주시청 축수산과,2022-05-31
120,문골,저수지,충주시 살미면 월악로 621,충청북도 충주시 살미 신매 137외 16필지,36.919744,128.025544,,1.03,"붕어, 잉어, 뱀장어 등",39,고정형,60000,수상좌대,"구명조끼, 구명환, 구명로프 등",매점,월악산 국립공원,043-850-5891,충주시청 축수산과,2022-05-31
121,윤,저수지,충주시 살미면 월악로 473,충청북도 충주시 살미 내사 46외 24필지,36.911502,128.017363,043-851-6200,1.3,"붕어, 잉어, 뱀장어 등",55,고정형,60000,수상좌대,"구명조끼, 구명환, 구명로프 등",매점,월악산 국립공원,043-850-5891,충주시청 축수산과,2022-05-31
122,제일,저수지,충주시 살미면 내사리 568-2,충청북도 충주시 살미 내사 319-3외 21필지,36.908522,128.012356,043-851-0052,1.3,"붕어, 잉어, 뱀장어 등",73,고정형,60000,수상좌대,"구명조끼, 구명환, 구명로프 등",매점,월악산 국립공원,043-850-5891,충주시청 축수산과,2022-05-31
123,신매,저수지,충주시 살미면 충주호수로 2707,충청북도 충주시 살미 신매 228외 18필지,36.919276,128.020149,043-851-7987,1.74,"붕어, 잉어, 뱀장어 등",55,고정형,60000,수상좌대,"구명조끼, 구명환, 구명로프 등",매점,월악산 국립공원,043-850-5891,충주시청 축수산과,2022-05-31
124,하천,저수지,충주시 동량면 하천1길 26,충청북도 충주시 동량 하천 319외 33필지,37.027482,128.044072,043-851-0025,2.75,"붕어, 잉어, 뱀장어 등",73,고정형,60000,수상좌대,"구명조끼, 구명환, 구명로프 등",매점,,043-850-5891,충주시청 축수산과,2022-05-31
125,명서,저수지,충주시 산척면 정암산책길 140-1,충청북도 충주시 산척 명서 산 99-7외,37.058406,128.042049,043-852-9520,0.83,"붕어, 잉어, 뱀장어 등",100,고정형,60000,수상좌대,"구명조끼, 구명환, 구명로프 등",매점,,043-850-5891,충주시청 축수산과,2022-05-31
126,목벌,저수지,충주시 목벌길 111,충청북도 충주시 목벌 440 외38필지,36.967967,128.001411,,2.92,"붕어, 잉어, 뱀장어 등",54,고정형,60000,수상좌대,"구명조끼, 구명환, 구명로프 등",매점,월악산 국립공원,043-850-5891,충주시청 축수산과,2022-05-31
127,입석,저수지,충주시 중앙탑면 감노로 2301,충청북도 충주시 가금 용전 591-19,37.026011,127.845269,043-855-4688,1.97,"붕어, 잉어",174,고정형,70000,수상좌대,"구명조끼, 구명환, 구명로프 등",매점,"중앙탑공원, 중원고구려비",043-850-5891,충주시청 축수산과,2022-05-31
128,꽃바위,저수지,,충청북도 충주시 동량 화암 319 외 22필지,36.977308,128.018005,,1.38,"붕어, 잉어, 뱀장어 등",35,고정형,60000,수상좌대,"구명조끼, 구명환, 구명로프 등",매점,충주호유람선,043-850-5891,충주시청 축수산과,2022-05-31
129,서운,저수지,충주시 동량면 지등로 1758,충청북도 충주시 동량 서운 산 22-6외 8필지,36.970944,128.049841,043-851-4803,0.82,"붕어, 잉어, 뱀장어 등",36,고정형,60000,수상좌대,"구명조끼, 구명환, 구명로프 등",매점,충주호유람선,043-850-5891,충주시청 축수산과,2022-05-31
130,솔,저수지,,충청북도 충주시 동량 서운 353외 14필지,36.974192,128.051902,043-851-4278,1.17,"붕어, 잉어, 뱀장어 등",42,고정형,60000,수상좌대,"구명조끼, 구명환, 구명로프 등",매점,충주호유람선,043-850-5891,충주시청 축수산과,2022-05-31
131,종점,저수지,충주시 동량면 지등로 2003,충청북도 충주시 동량 서운 산38-5외 11필지,36.979865,128.056105,043-852-9627,0.66,"붕어, 잉어",35,고정형,60000,수상좌대,"구명조끼, 구명환, 구명로프 등",매점,충주호유람선,043-850-5891,충주시청 축수산과,2022-05-31
132,중산,저수지,충주시 수안보면 중산길 185,충청북도 충주시 수안보 중산리 1번지 외 31필지,36.870547,128.010504,043-847-1924,16.01,"붕어, 잉어",50,고정형,30000,수상좌대,"구명조끼, 구명환, 구명로프 등",매점,수안보온천,043-850-5891,충주시청 축수산과,2022-05-31
133,용원,저수지,충주시 신니면 신덕로 523,충청북도 충주시 신니 송암리 3-1번지 외 49필지,37.002766,127.709915,,65.9,"붕어, 잉어",50,고정형,70000,수상좌대,"구명조끼, 구명환, 구명로프 등",매점,,043-850-5891,충주시청 축수산과,2022-05-31
134,대덕,저수지,충주시 노은면 대덕길 119,충청북도 충주시 노은 대덕리 680-1번지 외 11필지,37.058787,127.709089,,13.73,"붕어, 잉어",64,고정형,70000,수상좌대,"구명조끼, 구명환, 구명로프 등",매점,,043-850-5891,충주시청 축수산과,2022-05-31
135,모점,저수지,충주시 앙성면 모점1길 128,충청북도 충주시 앙성 모점리 45-2번지 외 19필지,37.156326,127.738208,043-855-8822,22,"붕어, 잉어",170,고정형,60000,수상좌대,"구명조끼, 구명환, 구명로프 등",매점,앙성온천,043-850-5891,충주시청 축수산과,2022-05-31
136,실로암,저수지,충주시 주덕읍 충청대로 2350,"충청북도 충주시 주덕 삼청 320-1, 319",36.963004,127.781525,043-851-3648,0.82,"붕어, 잉어",150,없음,30000,,"구명조끼, 구명환, 구명로프 등",매점,,043-850-5891,충주시청 축수산과,2022-05-31
137,화곡,저수지,충주시 주덕읍 화곡1길 531,충청북도 충주시 주덕 화곡리 133-1번지 외 17필지,37.011374,127.806688,043-845-6971,16.11,"붕어, 잉어",46,고정형,80000,수상좌대,"구명조끼, 구명환, 구명로프 등",매점,,043-850-5891,충주시청 축수산과,2022-05-31
138,태고,평지,충주시 금가면 금병길 55,충청북도 충주시 금가 잠병 314,37.057673,127.912283,,0.11,"붕어, 잉어",40,없음,20000,,"구명조끼, 구명환, 구명로프 등",매점,,043-850-5891,충주시청 축수산과,2022-05-31
139,털보,평지,충주시 금가면 장대산길 14,충청북도 충주시 금가 원포 513,37.015584,127.876401,043-853-0847,0.24,"붕어, 잉어",20,없음,80000,,"구명조끼, 구명환, 구명로프 등",매점,,043-850-5891,충주시청 축수산과,2022-05-31
140,월상,평지,충주시 더덕길 47,"충청북도 충주시 금가 월상 473-4, 473-22, 487",37.041286,127.866814,,0.32,"붕어, 잉어",120,없음,30000,,"구명조끼, 구명환, 구명로프 등",매점,,043-850-5891,충주시청 축수산과,2022-05-31
141,도장골,평지,충주시 대가주2길 23,충청북도 충주시 호암동 872,36.94402093,127.9250683,043-855-4448,0.17,"붕어, 잉어",87,없음,30000,,"구명조끼, 구명환, 구명로프 등",매점,,043-850-5891,충주시청 축수산과,2022-05-31
142,가주,평지,충주시 연수동 국원대로 184,충청북도 충주시 가주동 128,36.93248882,127.8915027,043-851-2221,0.06,"붕어, 잉어",74,없음,30000,,"구명조끼, 구명환, 구명로프 등",매점,,043-850-5891,충주시청 축수산과,2022-05-31
143,죠스실내낚시카페,기타,충주시 금봉대로 343,충청북도 충주시 국원대로 184(지하),36.98800803,127.9286064,,0.01,"잉어, 향어",30,없음,10000,,"구명조끼, 구명환, 구명로프 등",매점,,043-850-5891,충주시청 축수산과,2022-05-31
144,오가리,저수지,,충청북도 괴산군 장연면 오가리 569-8,36.815782,127.951453,043-833-2002,3.42,잉어+붕어,56,"고정형,부유형",30000,,구명부환+구명조끼+소화기+구급약품,화장실+분리수거통,,043-830-3244,충청북도 괴산군청,2022-06-17
145,새골낚시터,평지,충청북도 보은군 탄부면 평각1길 62,충청북도 보은군 탄부면 평각리 398,36.4663,127.7541,,2535,붕어류,30,고정형,"30,000원",,구멍부환+구명조끼+소화기+구급약품,관리사+화장실+쓰레기통,"속리산,법주사",043-540-3643,충청북도 보은군,2022-11-23
146,"사오단돈낚시터(사오,단돈)",기타,충청북도 제천시 청풍면 호반로 2686,충청북도 제천시 청풍면 단돈리 110-4,37.0394019,128.110997,,28000,향어+붕어,44,고정형,"10,000원, 60,000원",,구명부환+구명조끼+소화기,화장실+분리수거통,,,제천시,2022-11-29
147,국사봉낚시터,평지,충청북도 제천시 봉양읍 구곡로 173-1,충청북도 제천시 봉양읍 구곡리 331-2,37.0717077,128.108623,,3387,향어+붕어,15,고정형,"30,000원",,구명부환+구명조끼+소화기,화장실+쓰레기통,,,제천시,2022-11-29
148,양평낚시터,기타,,충청북도 제천시 청풍면 양평리 432,36.9900474,128.103821,,11000,향어+붕어,20,고정형,"10,000원",,구명부환+구명조끼+소화기,화장실+분리수거통,,,제천시,2022-11-29
149,덕곡낚시터,기타,충청북도 제천시 한수면 봉화재11길 24-41,충청북도 제천시 한수면 덕곡리 632-3,36.945013,128.111496,,6250,향어+붕어,34,고정형,"60,000원",,구명부환+구명조끼+소화기,화장실+분리수거통,,,제천시,2022-11-29
150,서창낚시터,기타,충청북도 제천시 한수면 봉화재길 819-2,충청북도 제천시 한수면 서창리 110,36.9517671,128.111061,,7050,향어+붕어,40,고정형,"60,000원",,구명부환+구명조끼+소화기,화장실+분리수거통,,,제천시,2022-11-29
151,명암낚시터,저수지,충청북도 제천시 봉양읍 명암로 243,충청북도 제천시 봉양읍 명도리 85-2,37.1675804,128.126267,,62986,향어+붕어+메기,27,고정형,"30,000원",,구명부환+구명조끼+소화기,화장실+쓰레기통,,,제천시,2022-11-29
152,용곡낚시터(김기호낚시터),기타,,충청북도 제천시 청풍면 용곡리 산 36,36.9843910,28.122833,,8800,향어+붕어,65,고정형,"60,000원",,구명부환+구명조끼+소화기,화장실+분리수거통,,,제천시,2022-11-29