1,금곡낚시터,평지,경기도 파주시 법원읍 술이홀로1372번길 347,"경기도 파주시 법원읍 금곡리 32, 32-6",37.8926782,126.8926516,031-958-2503,3.6,"메기,붕어,잉어 등",60,고정형,30000,,"구명조끼,구급약품,소화기","관리실,매점,화장실 등",,031-940-8593,파주시 농축산과,2020-03-19
2,썸피싱카페낚시터,평지,경기도 파주시 금정18길 20,경기도 파주시 금촌동 71-9,37.76093302,126.7749398,031-942-1385,0.1,"메기,붕어,잉어 등",17,고정형,20000,,"구명조끼,구급약품,소화기","화장실, 방송시설 등",,031-940-8593,파주시 농축산과,2020-03-19
3,자유로레저낚시터,평지,경기도 파주시 탄현면 엘지로717번길 2-114,경기도 파주시 탄현면 낙하리 312-1,37.83698018,126.729909,,1.2,"메기,붕어,잉어 등",100,고정형,20000,,"구명조끼,구급약품,소화기","관리실,매점,화장실 등",,031-940-8593,파주시 농축산과,2020-03-19
4,뚜루실내낚시터,평지,경기도 파주시 번영로 20,경기도 파주시 금촌동 944-31,37.75803169,126.7710767,070-7763-2222,0,"메기,붕어,잉어 등",100,고정형,20000,,"구명조끼,구급약품,소화기","화장실,매점,방송시설 등",,031-940-8593,파주시 농축산과,2020-03-19
5,임진낚시캠핑,평지,경기도 파주시 문산읍 임진나루길 178-68,경기도 파주시 문산읍 임진리 34,37.88809783,126.7928559,,2.3,"메기,붕어,잉어 등",100,고정형,20000,,"구명조끼,구급약품,소화기","화장실,매점,방송시설 등",,031-940-8593,파주시 농축산과,2020-03-19
6,광탄낚시터,저수지,경기도 파주시 광탄면 부흥로 194-24,경기도 파주시 광탄면 방축리 95,37.80224735,126.8674385,031-941-8513,18,"메기,붕어,잉어 등",100,부유형,20000,,"구명조끼,구급약품,소화기","화장실,매점,방송시설 등",,031-940-8593,파주시 농축산과,2020-03-19
7,발랑낚시터,저수지,경기도 파주시 광탄면 부흥로 596,경기도 파주시 광탄면 발랑리 9-7,37.80606286,126.9080434,031-941-8675,0.1,"메기,붕어,잉어 등",100,부유형,20000,,"구명조끼,구급약품,소화기","관리실,매점,화장실 등",,031-940-8593,파주시 농축산과,2020-03-19
8,눈삔물고기낚시터,평지,경기도 파주시 문산읍 당동2로 5,경기도 파주시 문산읍 당동리 888-3,37.86792723,126.7847069,031-954-2172,0,"메기,붕어,잉어 등",100,고정형,20000,,"구명조끼,구급약품,소화기","관리실,매점,화장실 등",,031-940-8593,파주시 농축산과,2020-03-19
9,작은연못낚시터,평지,경기도 파주시 광탄면 방축안길 39-5,경기도 파주시 광탄면 방축리 221-2,37.81228194,126.8594211,031-941-0042,0.6,"메기,붕어,잉어 등",100,고정형,20000,,"구명조끼,구급약품,소화기","관리실,매점,화장실 등",,031-940-8593,파주시 농축산과,2020-03-19
10,감악산낚시터,평지,경기도 파주시 적성면 감골길 48,경기도 파주시 적성면 무건리 2-9,37.91216702,126.9521886,031-958-6116,2.7,"메기,붕어,잉어 등",100,고정형,20000,,"구명조끼,구급약품,소화기","관리실,매점,화장실 등",,031-940-8593,파주시 농축산과,2020-03-19
11,직천낚시터,저수지,경기도 파주시 법원읍 만월로 537-29,경기도 파주시 법원읍 직천리 462,37.89621228,126.9233527,031-958-1954,452,"메기,붕어,잉어 등",100,부유형,20000,,"구명조끼,구급약품,소화기","관리실,매점,화장실 등",,031-940-8593,파주시 농축산과,2020-03-19
12,백경수낚시터,평지,경기도 파주시 광탄면 부흥로 422,경기도 파주시 광탄면 발랑리 188-5,37.80380225,126.8939795,,1.1,"메기,붕어,잉어 등",100,고정형,30000,,"구명조끼,구급약품,소화기","관리실,매점,화장실 등",,031-940-8593,파주시 농축산과,2020-03-19
13,사랑낚는어부가든낚시터,평지,경기도 파주시 법원읍 보광로 1663,경기도 파주시 법원읍 삼방리 391-7,37.82400119,126.86844,,2.8,"메기,붕어,잉어 등",100,고정형,20000,,"구명조끼,구급약품,소화기","관리실,매점,화장실 등",,031-940-8593,파주시 농축산과,2020-03-19
14,산골낚시터,평지,경기도 파주시 법원읍 만월로613번길 237,경기도 파주시 법원읍 직천리 759-1,37.89033167,126.9140276,,2.8,"메기,붕어,잉어 등",100,고정형,20000,,"구명조끼,구급약품,소화기","관리실,매점,화장실 등",,031-940-8593,파주시 농축산과,2020-03-19
15,하마낚시터,평지,경기도 파주시 적성면 국사로 297,경기도 파주시 적성면 자장리 147-1,37.96113004,126.8696614,,4.8,"메기,붕어,잉어 등",100,고정형,20000,,"구명조끼,구급약품,소화기","관리실,매점,화장실 등",,031-940-8593,파주시 농축산과,2020-03-19
16,문화레저낚시터,평지,경기도 파주시 광탄면 혜음로 1300-45,경기도 파주시 광탄면 신산리 245-3,37.79683114,126.8497223,,2,"메기,붕어,잉어 등",100,고정형,20000,,"구명조끼,구급약품,소화기","관리실,매점,화장실 등",,031-940-8593,파주시 농축산과,2020-03-19
17,매일낚시터,평지,경기도 파주시 광탄면 보광로 898-17,경기도 파주시 광탄면 마장리 121-1,37.77641838,126.8843431,,0.8,"메기,붕어,잉어 등",100,고정형,20000,,"구명조끼,구급약품,소화기","관리실,매점,화장실 등",,031-940-8593,파주시 농축산과,2020-03-19
18,말봉바다낚시터,바다,"경기도 안산시 단원구 부흥로 387-9, 말봉바다낚시터 (대부남동)",경기도 안산시 단원구 대부남동 11,37.21178314744,126.6119165824,032-886-1677,17386,우럭+참돔+농어+점성어,220,수상좌대,"성인남성(12시간):77,000 성인여성(남성동반시에만적용):55,000 초,중생(남성동반시에만적용):55,000",,"구명부환6,소화기6,구급약품1,화장실5, 세면소3, 쓰레기통6,관리시설(사무소),방송시설","음식점,관리사무소(낚시용품판매)",,031-481-2330,해양수산과,2021-10-21
19,어심바다낚시터,바다,"경기도 안산시 단원구 잘푸리길 109, 어심바다낚시터 (대부남동)",경기도 안산시 단원구 대부남동 1109,37.23606522264,126.5658309419,032-886-7313,6020,참돔+감성돔+우럭+도다리 등,95,수상잔교,1일 77000원,,"구명부환6,소화기12,구명조끼6(어린이3),화장실2 및 세면소 2,관리사무소,구급약품셋트1","음식점,관리사무소등",,031-481-2330,해양수산과,2021-10-21
20,서울바다낚시터,바다,"경기도 안산시 단원구 구봉타운길 34, 서울바다낚시터 (대부북동)",경기도 안산시 단원구 대부북동 1870-75,37.28096932837,126.5529940947,032-884-4488,10552,우럭+참돔+농어+점성어등,150,없음,"1일 70,000원",,"구명부환6,소화기5,구급약품1,화장실3 및 세면소2,쓰레기통11,관리시설 및 통신시설","매점,식당,횟칸",,031-481-2330,해양수산과,2021-10-21
21,해솔바다낚시터,바다,"경기도 안산시 단원구 구봉길 152, 해솔바다낚시터 (대부북동)",경기도 안산시 단원구 대부북동 1870-105,37.27837617475,126.5542115215,032-880-9865,16418,우럭+참돔+점성어+농어 등,100,없음,"1일 70,000원",,"구명부환4,소화기4,구급약품1,화장실2,세면소2,쓰레기통4,관리시설 및 통신시설","매점,식당,관리사무소",,031-481-2330,해양수산과,2021-10-21
22,우리실내낚시터,기타,"경기도 안산시 단원구 화랑로 28, 우리실내바다낚시터 지하1층 (원곡동)",경기도 안산시 단원구 원곡동 763-5 지하1층,37.33211660123,126.7960887311,031-494-9577,184.87,잉어+향어+붕어+메기 등,15,없음,"1일 30,000원",,"구명부환2,소화기1,구급약품1,화장실 및 세면소 1,쓰레기통2,관리시설 및 통신시설",없음,,031-481-2330,해양수산과,2021-10-21
23,k3바다낚시터,바다,"경기도 안산시 단원구 작은상재미길 86, k3바다낚시터 (대부동동)",경기도 안산시 단원구 대부동동 643-35 해성바다낚시터,37.25218005302,126.6139694374,032-886-5225,33204,우럭+참돔+농어+점성어등,100,없음,"1일 77,000원",,"구명부환4,소화기3,구급약품1,화장실2,세면소1,쓰레기통11,관리사무소,통신시설","매점,식당",,031-481-2330,해양수산과,2021-10-21
24,등대바다낚시터,바다,"경기도 안산시 단원구 금당구지길 91, 등대바다낚시터 (대부남동)",경기도 안산시 단원구 대부남동 187-4,37.23054271235,126.5905620978,032-881-1342,16256,우럭+점성어+농어+참동 등,145,수상좌대,"1일 77,000원",,"구명부환7,소화기4,구급약품세트1,구명조끼2,화장실3,세면실2,관리사무소",관리사무소(매점)및 음식점,,031-481-2330,해양수산과,2021-10-21
25,k1한국바다낚시터,바다,"경기도 안산시 단원구 작은상재미길 100, k1한국바다낚시터 (대부동동)",경기도 안산시 단원구 대부동동 643-12 한국바다낚시터,37.23095285216,126.6070118975,032-887-1555,22994,우럭+참돔+농어+점성어등,150,없음,"고등학생 이상 성인남성77,000 성인여성66,000 커플132,000 초,중학생55,000 (12시간 연장66,000)",,"구명부환4,소화기3,구급약품1,화장실3,세면소2,쓰레기통5,관리사무소","관리사무소(매점),음식점",,031-481-2330,해양수산과,2021-10-21
26,북동낚시터,저수지,"경기도 안산시 단원구 뻐꾹산길 98, 북동낚시터 (대부북동)",경기도 안산시 단원구 대부북동 999,37.25690318005,126.5810408128,032-882-9033,70000,붕어+잉어등,233,연안방갈로,1일 30000,,"구명부환43,소화기27,구급약품2,낚시터관리선1,구명조끼41,화장실5,세면소3,관리 및 통신시설","매점,식당",,031-481-2330,해양수산과,2021-10-21
27,조부장바다낚시터,바다,"경기도 안산시 단원구 구봉길 55, 조부장바다낚시터 (대부북동)",경기도 안산시 단원구 대부북동 1865-240,37.27139676480,126.5618898925,032-880-9778,231,우럭+돔종류+광어+랍스터 등,96,없음,"1일 70,000원+4시간 30,000",,"구명부환3,소화기8,구명조끼2,구급약품세트2,화장실2,세면소1,관리시설 및 통신시설,쓰레기통6","식당,휴게소,매점",,031-481-2330,해양수산과,2021-10-21
28,대부도바다낚시터,바다,"경기도 안산시 단원구 구봉타운길 22, 대부도바다낚시터 (대부북동)",경기도 안산시 단원구 대부북동 1870-72,37.27772840717,126.5516876135,032-886-4130,3600,우럭+참돔+농어+점성어등,200,수상좌대,"1일 70,000원",,"구명부환11,구명조끼28,소화기6,구급약품,화장실4,세면소2,쓰레기통6,관리사무소,방송시설",매점,,031-481-2330,해양수산과,2021-10-21
29,수암낚시터,저수지,"경기도 안산시 상록구 지장골길 51-18, 수암낚시터 (수암동)",경기도 안산시 상록구 수암동 17,37.37232030674,126.8808463725,031-480-6886,8400,향어+잉어+메기 등,100,없음,"1일 30,000",,"구명부환3,소화기3,구급약품1,화장실2,세면소2,관리실 및 통신시설","관리사무소(매점,식당)",,031-481-2330,해양수산과,2021-10-21
30,독도바다낚시터,바다,"경기도 안산시 단원구 새방죽길 165, 독도바다낚시터 (대부북동)",경기도 안산시 단원구 대부북동 642-172,37.23985943104,126.5660485595,032-884-1111,37121,우럭+참돔+점성어+농어 등,310,수상낚시터,"1일 75,000원",,"구명부환13,소화기8,구명조끼4,구급약품세트1,화장실7,세면소4,관리시설 및 통신시설","매점,식당,회센터,손질칸",,031-481-2330,해양수산과,2021-10-21
31,하늘바다낚시터,바다,"경기도 안산시 단원구 작은상재미길 99, 하늘바다낚시터 (대부동동)",경기도 안산시 단원구 대부동동 643-9 하늘바다낚시터,37.23338146276,126.6077971206,032-888-6662,45433,우럭+참돔+점성어+농어 등,100,없음,"1일 70,000원",,"구명부환4,소화기4,구급약품세트1,화장실2,세면소2,쓰레기통6,관리시설 및 통신시설","매점,식당,손질센터",,031-481-2330,해양수산과,2021-10-21
32,샘터낚시터,저수지,경기도 광명시 장절로 96-33,경기도 광명시 노온사동 831-3번지,37.4313547,126.8571543,,7068,"붕어, 잉어",90,고정형,"25,000원",,"구명부환, 소화기, 구명줄, 구급약품 등","화장실, 쓰레기통",,,경기도 광명시청,2022-11-29
33,아방리낚시터,저수지,경기도 광명시 범안로 740-12,경기도 광명시 노온사동 455번지,37.4425983,126.856398,,34214,"붕어, 잉어",140,고정형,"30,000원",,"구명부환, 소화기, 구명줄, 구급약품 등","화장실, 쓰레기통",,,경기도 광명시청,2022-11-29
34,연곡낚시터,저수지,경기도 양주시 백석읍 연곡로182번길 100,경기도 양주시 백석읍 연곡리 69-1,37.81700422,126.9595731,031-879-5311,2.1,"붕어,잉어",1000,잔교형좌대연안방갈로,"60,000",-,해당사항 없음,해당사항 없음,-,031-8082-6132,시유지,2021-10-06
35,못말낚시터,평지,경기도 양주시 남면 현석로 781-14,경기도 양주시 남면 경신리 222,37.85149836,126.9821002,031-855-6633,0.9,"붕어,잉어",950,잔교형좌대,"25,000",-,해당사항 없음,해당사항 없음,-,031-8082-6132,시유지,2021-10-06
36,용암낚시터,저수지,,경기도 양주시 은현면 용암리 346-2,37.85284499,127.0500455,031-858-4797,0.6,"붕어,잉어",1500,잔교형좌대,"15,000",-,해당사항 없음,해당사항 없음,-,031-8082-6132,시유지,2021-10-06
37,살구골낚시터,평지,,경기도 양주시 은현면 도하리 396,37.84001046,127.0042246,031-868-2683,1.9,"붕어,잉어",1000,잔교형좌대,"25,000",-,해당사항 없음,해당사항 없음,-,031-8082-6132,시유지,2021-10-06
38,신암낚시터,저수지,경기도 양주시 남면 감악산로 514번길 365,경기도 양주시 남면 신암리 158,37.91971034,126.9640752,031-863-5882,5.5,"붕어,잉어",1500,잔교형좌대,"25,000",-,해당사항 없음,해당사항 없음,-,031-950-3203,한국농어촌공사,2021-10-06
39,남방낚시터,저수지,경기도 양주시 양주산성로 280-7,경기도 양주시 어둔동 159,37.77576379,127.0180123,031-845-4855,8.4,"붕어,잉어",1000,잔교형좌대,"25,000",-,해당사항 없음,해당사항 없음,-,031-950-3203,한국농어촌공사,2021-10-06
40,효촌낚시터,저수지,,경기도 양주시 광적면 효촌리 337-1,37.87937325,126.9561064,031-871-1323,37,"붕어,잉어",1000,잔교형좌대,"15,000",-,해당사항 없음,해당사항 없음,-,031-950-3203,한국농어촌공사,2021-10-06
41,봉암낚시터,저수지,경기도 양주시 남면 양연로173번길 82-28,경기도 양주시 남면 황방리 230,37.9234617,126.994659,031-863-7679,17,"붕어,잉어",1000,잔교형좌대,"25,000",-,해당사항 없음,해당사항 없음,-,031-950-3203,한국농어촌공사,2021-10-06
42,원당,저수지,,경기도 양주시 남면 황방리 377-1,37.92235363,126.9869436,031-865-5206,11.8,"붕어,잉어",1000,잔교형좌대,"25,000",-,해당사항 없음,해당사항 없음,-,031-950-3203,한국농어촌공사,2021-10-06
43,칠봉산,평지,경기도 양주시 천보산로 201,경기도 양주시 회암동 194,37.85687137,127.0985831,031-866-1577,0.4,"붕어,잉어",1200,잔교형좌대,"30,000",-,해당사항 없음,해당사항 없음,-,,개인,2021-10-06
44,광사,평지,경기도 양주시 부흥로 1864-40,경기도 양주시 광사동 373-10,37.7885519,127.0709504,031-847-0520,0.3,"붕어,잉어",300,잔교형좌대,"25,000",-,해당사항 없음,해당사항 없음,-,,개인,2021-10-06
45,동산,저수지,경기도 양주시 남면 감악산로514번길 54-20,경기도 양주시 남면 신암리 99-4,37.90829399,126.9653998,031-863-0002,0.2,"붕어,잉어",300,잔교형좌대,"10,000",-,해당사항 없음,해당사항 없음,-,,개인,2021-10-06
46,장자원,평지,경기도 양주시 장흥면 일영로502번길 2-105,경기도 양주시 장흥면 삼상리 455-1,37.68574374,126.9285218,031-855-7244,0.4,"붕어,잉어",900,잔교형좌대,"15,000",-,해당사항 없음,해당사항 없음,-,,개인,2021-10-06
47,은현피싱타운,평지,경기도 양주시 은현면 그루고개로490번길 49-27,경기도 양주시 은현면 도하리 120-4,37.85146262,127.0157938,031-863-8935,0.6,"붕어,잉어",600,잔교형좌대,"25,000",-,해당사항 없음,해당사항 없음,-,,개인,2021-10-06
48,삼하,평지,,"경기도 양주시 장흥면 삼하리 198-1,3,4",37.67330775,126.9088062,031-871-0047,0.5,"붕어,잉어",300,잔교형좌대,"20,000",-,해당사항 없음,해당사항 없음,-,,개인,2021-10-06
49,송추,평지,경기도 양주시 장흥면 호국로 586-24,경기도 양주시 장흥면 울대리 426-1,37.7177652,126.9792169,031-826-0529,0.3,"붕어,잉어",500,잔교형좌대,"10,000",-,해당사항 없음,해당사항 없음,-,,개인,2021-10-06
50,일영,평지,,경기도 양주시 장흥면 일영리 572-4,37.70596996,126.9315963,031-855-5520,0.5,"붕어,잉어",500,잔교형좌대,"30,000",-,해당사항 없음,해당사항 없음,-,,개인,2021-10-06
51,원동낚시터,저수지,,경기도 오산시 원동 6-1,37.144601,127.091246,031-373-5982,12000,붕어+잉어,40,고정형,"1일 30,000원",수초지대,구명부환+소화기+구급약품+전기설비,화장실+쓰레기통,,031-8036-7647,경기도 오산시청,2022-11-30
52,삼미낚시터,저수지,경기도 오산시 외삼미로 30(외삼미동),경기도 오산시 외삼미동 358,37.19051,127.054368,031-372-1314,16000,"붕어,잉어,향어,메기",120,고정형,"1일 20,000원",수초지대,구명부환+소화기+구급약품+전기설비,화장실+쓰레기통,,031-8036-7647,경기도 오산시청,2022-11-30
53,수원 락 실내바다 낚시터,기타,경기도 오산시 삼미로47번길 24(내삼미동),경기도 오산시 내삼미동 212,37.1771766,127.066976,031-372-4132,108,돔+매가리+민어,30,고정형,"2시간 33,000원",해당없음,구명부환+소화기+구급약품+전기설비,화장실+쓰레기통,물향기 수목원,031-8036-7647,경기도 오산시청,2022-11-30
54,고골낚시터,저수지,,경기도 하남시 춘궁동 451-11 외 11필지 (춘궁저수지),37.52019,127.18666,031-794-8584,2.28,"붕어,잉어,향어",50,해당없음,"15,000원",,"튜브, 소화기","화장실,편의점",해당없음,031-790-5447,하남시청,2022-11-29
55,삼합낚시터,저수지,경기도 여주시 점동로650,,37.199815,127.726804,031-886-6767,48000,붕어,270,고정형,1일 20000원,,구명부환+소화기+구급약품+전기설비,화장실+쓰레기통,,,경기도 여주시청,2022-05-25
56,어우실낚시터,저수지,경기도 여주시 어우실길 65,,37.151903,127.6579298,031-882-6500,154000,붕어,100,부유형,1일 20000원,,구명부환+소화기+구급약품+전기설비,화장실+쓰레기통,,,경기도 여주시청,2022-05-25
57,신근낚시터,저수지,경기도 여주시 흥천면 신율로 36,,37.308914,127.557689,031-883-0641,11901,붕어,110,고정형,1일 10000원,,구명부환+소화기+구급약품+전기설비,화장실+쓰레기통,,,경기도 여주시청,2022-05-25
58,가남낚시터,평지,경기도 여주시 가남읍 건은로 82-67,,37.194979,127.544009,031-882-1673,1605,붕어+잉어+향어,185,고정형,1일 30000원,,구명부환+소화기+구급약품+전기설비,화장실+쓰레기통,,,경기도 여주시청,2022-05-25
59,오산낚시터,평지,경기도 여주시 가남읍 양화로 154-23,,37.2355128,127.559427,,572,붕어,54,고정형,1일 10000원,,구명부환+소화기+구급약품+전기설비,화장실+쓰레기통,,,경기도 여주시청,2022-05-25
60,관광농원낚시터,평지,경기도 여주시 북내면 중암2길 19-22,,37.356465,127.710493,031-883-9499,3388,붕어,64,고정형,1일 30000원,,구명부환+소화기+구급약품+전기설비,화장실+쓰레기통,,,경기도 여주시청,2022-05-25
61,자일낚시터,저수지,경기도 의정부시 호국로1860번길 79,,37.771560,127.105302,,2181,잉어류,50,수상좌대,"20,000",,구명부환+소화기+구급약품,화장실+분리수거통,,,의정부시 도시농업과,2021-10-06
62,가자실내낚시터,기타,경기도 의정부시 시민로 117(의정부동),,37.738678,127.048320,,265.2,잉어류,20,해당없음,"10,000(1시간기준)",,구명부환+소화기+구급약품,화장실+분리수거통,,,의정부시 도시농업과,2021-10-06
63,또또와 실내낚시카페,기타,경기도 의정부시 추동로19번길 7,,37.743652,127.057607,,271.78,잉어류+메기류,21,해당없음,"10,000(1시간기준)",,구명부환+소화기+구급약품,화장실+분리수거통,,,의정부시 도시농업과,2021-10-06
64,월곡낚시터,기타,경기도 평택시 관동길 20,,37.021253,127.130075,,10000,붕어+잉어,50,고정형,"1일 10000원 (평일, 휴일)",,구명부환+소화기+구급약품+전기설비,화장실+쓰레기통,,,경기도 평택시청,2023-01-31
65,고잔낚시터,기타,경기도 평택시 청북읍 고잔리 1-1,,37.067541,126.909627,,1170000,붕어+잉어,250,고정형,"1일 20,000원 (평일) 1일 25,000원 (휴일)",,구명부환+소화기+구급약품+전기설비,화장실+쓰레기통,,,경기도 평택시청,2023-01-31
66,울성낚시터,기타,경기도 평택시 울성길 237-20,,37.016293,127.05912,,1440000,붕어+잉어,80,고정형,"1일 15000원 (평일, 휴일)",,구명부환+소화기+구급약품+전기설비,화장실+쓰레기통,,,경기도 평택시청,2023-01-31
67,동막낚시터,기타,경기도 평택시 동막길 127,,37.074396,127.096081,,10000,붕어+잉어,40,고정형,"1일 10000원 (평일, 휴일)",,구명부환+소화기+구급약품+전기설비,화장실+쓰레기통,,,경기도 평택시청,2023-01-31
68,고현낚시터,기타,경기도 평택시 고현길 38-48,,37.130793,127.096181,,6110,붕어+잉어,30,고정형,"1일 15,000원 (08:00~18:00) 1일 10,000원 (19:00~23:00)",,구명부환+소화기+구급약품+전기설비,화장실+쓰레기통,,,경기도 평택시청,2023-01-31
69,조씨낚시터,기타,경기도 평택시 덕목5길 117-1,,36.9542,126.969356,,2410,붕어+잉어,20,고정형,"1일 20000원 (평일, 휴일)",,구명부환+소화기+구급약품+전기설비,화장실+쓰레기통,,,경기도 평택시청,2023-01-31
70,함박골낚시터,기타,경기도 평택시 서탄로 492-30,,37.123234,127.0214,,4460,붕어+잉어,200,고정형,"1일 30,000원 (주말, 공휴일) 1일 20,000원 (평일)",,구명부환+소화기+구급약품+전기설비,화장실+쓰레기통,,,경기도 평택시청,2023-01-31
71,낚시 훈련소,기타,경기도 평택시 문화촌로 9,,36.996613,127.113874,,33,"잉어, 향어 등",23,고정형,"1시간 11,000원 (성인) 1시간 11,000원 (중고생) 1시간  9,000원 (초등생)",,구명부환+소화기+구급약품+전기설비,화장실+쓰레기통,,,경기도 평택시청,2023-01-31
72,안중락실내바다낚시터,기타,경기도 평택시 안중읍 서동대로 1758,,36.0000,126.0000,,180,"우럭, 강도다리, 감성돔 등",35,고정형,"3시간 44,000원 6시간 66,000원 8시간 77,000원",,구명부환+소화기+구급약품+전기설비,화장실+쓰레기통,,,경기도 평택시청,2023-01-31
73,피쉬실내바다낚시터,기타,경기도 평택시 포승읍 고렴1길 35,,37.0000,126.0000,,200,"우럭, 광어 등",38,고정형,"[주간] 3시간 : 44,000원 6시간 : 66,000원 [야간] 4시간 : 44,000원 7시간 : 66,000원",,구명부환+소화기+구급약품+전기설비,화장실+쓰레기통,,,경기도 평택시청,2023-01-31
74,도장골낚시터,저수지,가평군 조종면 대보간선로399번길 63-9,,37.8062372554,127.3727358663,,2925,붕어+잉어+향어,40,없음,30000,,구명부환+구명조끼+소화기+구급약품,화장실+분리수거통,없음,031-580-4758,경기도 가평군,2022-11-22
75,상천낚시터,저수지,경기 가평군 청평면 상지로 225,,37.7683218323,127.4746920746,,23918,붕어+잉어+향어,80,없음,30000,,구명부환+구명조끼+소화기+구급약품,화장실+분리수거통,없음,031-580-4758,경기도 가평군,2022-11-22
76,두밀리낚시터,기타,가평읍 태봉두밀로 305,,37.8155118759,127.4659182551,,2250,붕어+잉어+향어+송어,40,없음,20000,,구명부환+구명조끼+소화기+구급약품,화장실+분리수거통,없음,031-580-4758,경기도 가평군,2022-11-22
77,산유낚시터,기타,가평읍 분자골로 22,,37.7575190504,127.5095292322,,1473,향어+메기,50,없음,30000,,구명부환+구명조끼+소화기+구급약품,화장실+분리수거통,없음,031-580-4758,경기도 가평군,2022-11-22
78,폭포낚시터,기타,조종면 명지산로 51-183,,37.8836399538,127.3599821843,,2008,향어,38,없음,30000,,구명부환+구명조끼+소화기+구급약품,화장실+분리수거통,없음,031-580-4758,경기도 가평군,2022-11-22
79,설악낚시터,기타,경기 가평군 설악면 자잠로23번길 67-55,,37.6818601967,127.4829748957,,1077,향어+메기+븡아+송어,50,없음,30000,,구명부환+구명조끼+소화기+구급약품,화장실+분리수거통,없음,031-580-4758,경기도 가평군,2022-11-22
80,가평낚시터,기타,가평읍 가화로 440-95,,37.8555319098,127.5095515809,,3039,붕어+잉어+향어,39,없음,30000,,구명부환+구명조끼+소화기+구급약품,화장실+분리수거통,없음,031-580-4758,경기도 가평군,2022-11-22
81,산수낚시터,기타,경기 가평군 북면 논남기길 19-3,,37.9677603,127.4586995,,6340,송어,40,없음,30000,,구명부환+구명조끼+소화기+구급약품,화장실+분리수거통,없음,031-580-4758,경기도 가평군,2022-11-22
82,부림낚시터(부림저수지),저수지,경기도 양평군 개군면 불곡덕고갯길 134-66,경기도 양평군 개군면 부리 360,37.43924011,127.5477091,031-771-7409,5805,잉어+ 상어,100,부유형,30000,,구명부환+ 구명조끼+ 소화기+ 구급약품,화장실+ 쓰레기통,,031-770-3639,양평군 축산과,2020-12-09
83,수곡낚시터(어은저수지),저수지,경기도 양평군 지평면 어은길 71,경기도 양평군 지평면 수곡리 95-3,37.44059045,127.5999993,031-771-1233,51143,붕어,100,고정형,30000,,구명부환+ 구명조끼+ 소화기+ 구급약품,화장실+ 쓰레기통,생태숲산책로,031-770-3639,양평군 축산과,2020-12-09
84,월산낚시터(월산저수지),저수지,,경기도 양평군 지평면 월산리 525,37.47269801,127.6511908,031-774-4797,62117,상어+ 잉어+ 붕어,250,부유형,25000,상류쪽,구명부환+ 구명조끼+ 소화기+ 구급약품,화장실+ 쓰레기통,용문산,031-770-3639,양평군 축산과,2020-12-09
85,백동낚시터(백동저수지),저수지,,경기도 양평군 단월면 덕수리 20,37.56063061,127.6867879,031-772-7750,34162,붕어,100,고정형,30000,,구명부환+ 구명조끼+ 소화기+ 구급약품,화장실+ 쓰레기통,용문산,031-770-3639,양평군 축산과,2020-12-09
86,그린낚시터(전수저수지),저수지,경기도 양평군 강하면 수대길 110,경기도 양평군 강하면 전수리 215,37.48031275,127.4263199,031-774-2650,15528,붕어+ 잉어,60,고정형,25000,,구명부환+ 구명조끼+ 소화기+ 구급약품,화장실+ 쓰레기통,수변공원,031-770-3639,양평군 축산과,2020-12-09
87,신애낚시터,저수지,경기도 양평군 양평읍 새만이길 86,경기도 양평군 양평읍 신애리 236,37.51020947,127.4959266,031-775-5211,19486,향어+ 잉어,100,고정형,20000,,구명부환+ 구명조끼+ 소화기+ 구급약품,화장실+ 쓰레기통,,031-770-3639,양평군 축산과,2020-12-09
88,오빈낚시터(오빈저수지),저수지,,경기도 양평군 양평읍 덕평리 414-8,37.50612798,127.4898977,031-772-1612,21168,붕어,180,부유형,30000,,구명부환+ 구명조끼+ 소화기+ 구급약품,화장실+ 쓰레기통,용문산+ 유명산,031-770-3639,양평군 축산과,2020-12-09
89,대석낚시터(대석저수지),저수지,경기도 양평군 강상면 강남로 1811,경기도 양평군 강상면 대석리 114,37.4269477,127.4777729,031-771-0510,7264,붕어,90,고정형,30000,,구명부환+ 구명조끼+ 소화기+ 구급약품,화장실+ 쓰레기통,양자산계곡,031-770-3639,양평군 축산과,2020-12-09
90,향리낚시터(향리저수지),저수지,경기도 양평군 개군면 아랫상골길 45,경기도 양평군 개군면 향리 131-2,37.43479102,127.5667369,031-772-8681,120106,붕어+ 잉어,120,부유형,30000,,구명부환+ 구명조끼+ 소화기+ 구급약품,화장실+ 쓰레기통,칠흙산,031-770-3639,양평군 축산과,2020-12-09
91,세월낚시터,저수지,,경기도 양평군 강상면 세월리 586-2,37.44519278,127.4805659,031-774-5661,2600,붕어,30,부유형,30000,,구명부환+ 구명조끼+ 소화기+ 구급약품,화장실+ 쓰레기통,,031-770-3639,양평군 축산과,2020-12-09
92,대명낚시터,저수지,경기도 양평군 단월면 소부록길 35,경기도 양평군 단월면 부안리 379-2,37.56866935,127.6741137,,3013,상어+ 메기,60,부유형,30000,,구명부환+ 구명조끼+ 소화기+ 구급약품,화장실+ 쓰레기통,,031-770-3639,양평군 축산과,2020-12-09
93,피쉬랜드낚시터,저수지,경기도 양평군 강하면 강하2로 367,경기도 양평군 강하면 성덕리 262-4,37.46486201,127.4205487,,2089,메기+ 철갑상어,50,고정형,30000,,구명부환+ 구명조끼+ 소화기+ 구급약품,화장실+ 쓰레기통,,031-770-3639,양평군 축산과,2020-12-09
94,고재낚시터,저수지,경기도 양평군 지평면 고재길 108,경기도 양평군 지평면 곡수리 536,37.42743942,127.606234,031-773-1199,2889,붕어+ 메기+ 송어,24,고정형,30000,,구명부환+ 구명조끼+ 소화기+ 구급약품,화장실+ 쓰레기통,,031-770-3639,양평군 축산과,2020-12-09
95,유일실내낚시터,저수지,경기도 양평군 용문면 용문로 537,경기도 양평군 용문면 마룡리 425-4,37.49816528,127.6041257,,39,잉어,23,부유형,10000,,구명부환+ 구명조끼+ 소화기+ 구급약품,화장실+ 쓰레기통,용문산,031-770-3639,양평군 축산과,2020-12-09
96,이화,기타,,김포시 고촌읍 태리 584-3,37.5947475379,126.7371851197,031-986-3223,0.35,붕어+잉어+기타어류,99,고정형,"35,000원",,"소화기, 구명환, 약품 등","화장실, 쓰레기통 등",,031-980-2823,경기도 김포시,2020-12-23
97,그린,기타,경기도 김포시 고촌읍 인향로210번길 52,김포시 고촌읍 태리 968,37.5861328371,126.7550608557,031-986-3469,0.14,붕어+잉어+기타어류,99,고정형,"35,000원",,"소화기, 구명환, 약품 등","화장실, 쓰레기통 등",,031-980-2823,경기도 김포시,2020-12-23
98,대원,기타,,김포시 통진읍 옹정리 168,37.6919829289,126.5633697093,031-987-2181,0.4,붕어+잉어+기타잡어,99,고정형,"20,000원",,"소화기, 구명환, 약품 등","화장실, 쓰레기통 등",,031-980-2823,경기도 김포시,2020-12-23
99,구래,기타,경기도 김포시 양촌읍 김포한강8로 100-59,"김포시 양촌읍 구래리 667-1,4,5,12",37.6299166031,126.6393914580,031-989-6227,0.5,향어+잉어+붕어+기타어류,99,고정형,"노지 : 10,000원, 하우스 : 15,000원",,"소화기, 구명환, 약품 등","화장실, 쓰레기통 등",,031-980-2823,경기도 김포시,2020-12-23
100,태리,기타,,"김포시 고촌읍 태리 195-1, 196",37.5967797632,126.7476293921,031-985-1277,0.16,붕어+잉어+기타어류,99,고정형,"35,000원",,"소화기, 구명환, 약품 등","화장실, 쓰레기통 등",,031-980-2823,경기도 김포시,2020-12-23
101,조강,저수지,,김포시 월곶면 조강리 230-10번지 외 20필지,37.7452518301,126.5719274151,,3.81,붕어+잉어+기타어류,99,고정형,"15,000원",,"소화기, 구명환, 약품 등","화장실, 쓰레기통 등",,031-980-2823,경기도 김포시,2020-12-23
102,김포실내바다낚시터,기타,경기도 김포시 대곶면 대곶서로 283-25,김포시 대곶면 율생리 623-18,37.6451473608,126.5806472144,,0.01,우럭+참돔+농어+기타어류,99,고정형,"60,000원",,"소화기, 구명환, 약품 등","화장실, 쓰레기통 등",,031-980-2823,경기도 김포시,2020-12-23
103,김포,기타,,"김포시 하성면 양택리 91, 125, 125-1, -3, -4, -5",37.7340104879,126.6223949611,031-988-9587,0.76,붕어+잉어+기타어류,99,고정형,"30,000원",,"소화기, 구명환, 약품 등","화장실, 쓰레기통 등",,031-980-2823,경기도 김포시,2020-12-23
104,고정,기타,경기도 김포시 통진읍 고척로 104,김포시 통진읍 고정리 407,37.7174578072,126.5874015885,031-987-7906,0.13,"붕어,잉어,기타어류",99,고정형,"35,000원",,"소화기, 구명환, 약품 등","화장실, 쓰레기통 등",,031-980-2823,경기도 김포시,2020-12-23
105,고막낚시터,저수지,경기도 김포시 월곶면 애기봉로 85-12,김포시 월곶면 고막리 403-1,37.7218427868,126.5581979494,,2.45,붕어+잉어+기타어류,99,고정형,"35,000원",,"소화기, 구명환, 약품 등","화장실, 쓰레기통 등",,031-980-2823,경기도 김포시,2020-12-23
106,아리수,기타,,"김포시 하성면 후평리 42, 45",37.7491731842,126.6513077797,031-982-3332,0.54,붕어+잉어+기타어류,99,고정형,15000원,,"소화기, 구명환, 약품 등","화장실, 쓰레기통 등",,031-980-2823,경기도 김포시,2020-12-23
107,김포 피싱존,기타,경기도 김포시 양촌읍 석모로44번길 93,김포시 양촌읍 석모리 758,37.6563715710,126.6470106368,,0.01,우럭+참돔+농어+기타어류,99,고정형,"35,000원",,"소화기, 구명환, 약품 등","화장실, 쓰레기통 등",,031-980-2823,경기도 김포시,2020-12-23
108,드림바다실내낚시터,기타,경기도 김포시 풍무로9번길 26,김포시 풍무동 597-1,37.5975972857,126.7201016738,,0.01,우럭+참돔+농어+기타어류,99,고정형,"30,000원",,"소화기, 구명환, 약품 등","화장실, 쓰레기통 등",,031-980-2823,경기도 김포시,2020-12-23
109,해적왕실내낚시카페,기타,"경기도 수원시 팔달구 효원로307번길 47, 지하1층(인계동, 문화빌딩)","경기도 수원시 팔달구 인계동 1121-6, 지하1층",37.26302406,127.0359218,031-223-1123,88.5,잉어류,30,고정형,"10,000원",,구멍부환+구명조끼+소화기+구급약품,화장실,수원화성,031-228-2917,수원시 농업기술센터,2023-01-09
110,수원실내낚시터,기타,"경기도 수원시 권선구 권선로 652, 지하1층(권선동)","경기도 수원시 권선구 권선동 967, 지하1층",37.26012603,127.0224305,031-233-2733,86,잉어류,26,고정형,"10,000원",,구멍부환+구명조끼+소화기+구급약품,화장실,수원화성,031-228-2917,수원시 농업기술센터,2023-01-09
111,도심어부,기타,"경기도 수원시 영통구 영통로 232, 지하1층(영통동, 제2상가동)","경기도 수원시 영통구 영통동 973-3, 지하1층",37.24841817,127.0584843,031-205-7872,21.98,가재류,10,고정형,"10,000원",,구멍부환+구명조끼+소화기+구급약품,화장실,수원화성,031-228-2917,수원시 농업기술센터,2023-01-09
112,잉어킹낚시카페,기타,"경기도 수원시 팔달구 경수대로446번길 56, 지하1층","경기도 수원시 팔달구 인계동 1031-3, 지하1층",37.26502616,127.0294519,031-223-8452,121.3,잉어류,42,고정형,"10,000원",,구멍부환+구명조끼+소화기+구급약품,화장실,수원화성,031-228-2917,수원시 농업기술센터,2023-01-09
113,청춘물고기,기타,"경기도 수원시 팔달구 향교로1번길 22-15, 지하1층","경기도 수원시 팔달구 매산로1가 13-4, 지하1층",37.2691271,127.0008509,031-244-2733,45,붕어류,15,고정형,"10,000원",,구멍부환+구명조끼+소화기+구급약품,화장실,수원화성,031-228-2917,수원시 농업기술센터,2023-01-09
114,신기,저수지,,경기도 용인시 처인구 남동 542,37.219948,127.191192,,2.07,붕어 잉어 등,142,고정형,"30,000",,"구명부환
소화기
구급약품","화장실
쓰레기통
세면장",,,처인구청,2021-01-18
115,한터,저수지,,경기도 용인시 처인구 양지면 대대리 639-1,37.259609,127.276352,,7.76,붕어 잉어 등,274,부유형,"20,000",_,"구명부환
소화기
구급약품","화장실
쓰레기통
세면장",,,처인구청,2021-01-18
116,상 덕,저수지,,경기도 용인시 처인구 이동읍 서리 874-1,37.21477,127.163433,,2.09,붕어 잉어 등,131,부유형,"20,000",_,"구명부환
소화기
구급약품","화장실
쓰레기통
세면장,매점",,,처인구청,2021-01-18
117,삼인,저수지,,경기도 용인시 처인구 남사면 북리 369,37.158124,127.142069,,9.5,붕어 잉어 등,118,부유형,"30,000",_,"구명부환
소화기
구급약품","화장실
쓰레기통
세면장",,,처인구청,2021-01-18
118,두 창,저수지,,경기도 용인시 처인구 원삼면 두창리 1393,37.148668,127.334743,,19.6,붕어 잉어 향어등,78,부유형,"20,000",_,"구명부환
소화기
구급약품","화장실
쓰레기통
세면장",,,처인구청,2021-01-18
119,아 곡,저수지,,경기도 용인시 처인구 백암면 고안리 산153,37.130985,127.416537,,1.13,붕어 잉어 등,100,고정형,"30,000",_,"구명부환
소화기
구급약품","화장실
쓰레기통
세면장",,,처인구청,2021-01-18
120,동 막,저수지,,경기도 용인시 처인구 남사면 통삼리 646-16,37.144458,127.132562,,1.54,붕어 잉어 등,180,부유형,"20,000",_,"구명부환
소화기
구급약품","화장실
쓰레기통
세면장,매점",,,처인구청,2021-01-18
121,창 리,저수지,,경기도 용인시 처인구 남사면 창리 377-8,37.14002,127.184611,,9.04,붕어 잉어 등,90,부유형,"20,000",_,"구명부환
소화기
구급약품","화장실
쓰레기통
세면장",,,처인구청,2021-01-18
122,요덕골,저수지,,경기도 용인시 처인구 이동면 송전리 41,37.136955,127.219843,,1.7,붕어 잉어 등,106,부유형,"25,000",_,"구명부환
소화기
구급약품","화장실
쓰레기통
세면장",,,처인구청,2021-01-18
123,신 원,저수지,,경기도 용인시 처인구 이동면 묵리 346,37.165163,127.252272,,23.8,붕어 잉어 등,131,부유형,"20,000",_,"구명부환
소화기
구급약품","화장실
쓰레기통
세면장",,,처인구청,2021-01-18
124,사계절,저수지,,경기도 용인시 처인구 이동면 송전리 984,37.134223,127.194159,,1.42,향어 잉어 등,50,고정형,"15,000",_,"구명부환
소화기
구급약품","화장실
쓰레기통
세면장",,,처인구청,2021-01-18
125,용 담,저수지,,경기도 용인시 처인구 원삼면 사암리 330,37.196613,127.306187,,37.6,붕어 잉어 쏘가리 등,224,부유형,"20,000",_,"구명부환
소화기
구급약품","화장실
쓰레기통
세면장",,,처인구청,2021-01-18
126,산 장,저수지,,경기도 용인시 처인구 양지면 평창리 537-1,37.225718,127.322084,,2.5,붕어 잉어 등,140,부유형,"20,000",_,"구명부환
소화기
구급약품","화장실
쓰레기통
세면장",,,처인구청,2021-01-18
127,묵 리,저수지,,경기도 용인시 처인구 이동면 묵리 591,37.175823,127.232085,,0.29,붕어 잉어 등,150,고정형,"20,000",_,"구명부환
소화기
구급약품","화장실
쓰레기통
세면장",,,처인구청,2021-01-18
128,"이 동
(송전)",저수지,,경기도 용인시 처인구 이동면 어비리 574-3,37.125903,127.204053,,303.58,붕어 잉어 등,524,고정형,"10,000",_,"구명부환
소화기
구급약품","화장실
쓰레기통
세면장",,,처인구청,2021-01-18
129,고초골,저수지,,경기도 용인시 처인구 원삼면 학일리 104,37.157735,127.284507,,4,붕어 잉어 등,107,부유형,"30,000",_,"구명부환
소화기
구급약품","화장실
쓰레기통
세면장",,,처인구청,2021-01-18
130,통삼낚시터,저수지,,경기도 용인시 처인구 남사면 통삼리 33,37.121429,127.135143,,2.57,붕어 잉어 등,80,부유형,"20,000",_,"구명부환
소화기
구급약품","화장실
쓰레기통
세면장",,,처인구청,2021-01-18
131,추곡낚시터,저수지,경기도 광주시 추곡길 91,경기도 광주시 도척면 추곡리 386-3번지,37.28089721,127.2858675,,1.57,붕어+잉어,50,고정형,30000,,구명부환+소화기,화장실+쓰레기통,,,경기도 광주시청 농업정책과,2020-12-24
132,양벌낚시터,저수지,경기도 광주시 양촌길 218,경기도 광주시 오포읍 양벌리 767-1번지,37.36961939,127.258023,,1.17,붕어+잉어,50,고정형,30000,,구명부환+소화기,화장실+쓰레기통,,,경기도 광주시청 농업정책과,2020-12-24
133,유정낚시터,저수지,경기도 광주시 도척로 897,경기도 광주시 도척면 유정리 382-1번지,37.28796687,127.322037,,14.4,붕어+잉어,100,고정형,30000,,구명부환+소화기,화장실+쓰레기통,,,경기도 광주시청 농업정책과,2020-12-24
134,진우낚시터,저수지,경기도 광주시 도척면 저수지길 182,,37.31169522,127.3508832,,6.4,붕어+잉어,100,고정형,30000,,구명부환+소화기,화장실+쓰레기통,,,경기도 광주시청 농업정책과,2020-12-24
135,한일낚시터,저수지,경기도 광주시 도척면 옛진말길 63-1,,37.32698386,127.3295844,,0.85,붕어+잉어,50,고정형,30000,,구명부환+소화기,화장실+쓰레기통,,,경기도 광주시청 농업정책과,2020-12-24
136,추곡낚시터,저수지,도척면 추곡길 91,도척면 추곡리 386-3,37.280897,127.285867,031-762-1269,1.6,붕어+향어+잉어+메기,48,고정형,30000,,안전사다리+소화기+구명조끼+구명줄+구명부환,화장실+세면소+쓰레기통+통신장비,,031-760-2438,경기도 광주시청,2021-07-30
137,양벌낚시터,저수지,오포읍 양촌길 218,오포읍 양벌리 767-1,37.369619,127.258023,031-766-2539,1.2,붕어+잉어,50,고정형,30000,,소화기+구명조끼+구명줄+구명부환,화장실+세면소+쓰레기통+통신장비,,031-760-2438,경기도 광주시청,2021-07-30
138,유정낚시터,저수지,도척면 도척로 951,도척면 추곡리 15,37.2848107,127.306073,031-762-5185,14.4,붕어+잉어,100,고정형,30000,,소화기+구명조끼+구명줄+구명부환,화장실+세면소+쓰레기통+통신장비,,031-760-2438,경기도 광주시청,2021-07-30
139,진우낚시터,저수지,도척면 저수지길 182,도척면 진우리 848-42,37.311647,127.351043,031-762-7913,6.4,붕어+잉어,250,고정형,30000,,소화기+구명조끼+구명줄+구명부환,화장실+세면소+쓰레기통+통신장비,,031-760-2438,경기도 광주시청,2021-07-30
140,한일낚시터,저수지,도척면 옛진말길 63-1,도척면 진우리 252,37.326982,127.329585,031-762-7887,0.9,붕어+잉어,90,고정형,30000,,소화기+구명조끼+구명줄+구명부환,화장실+세면소+쓰레기통+통신장비,,031-760-2438,경기도 광주시청,2021-07-30
141,방산 낚시터,평지,경기도 시흥시 구수미1길127-14,경기도 시흥시 방산동154,37.42303,126.77788,,1300,붕어+잉어,96,지상고정형,"30,000원",,구명부환+소화기+구급약품,화장실+쓰레기통,,031-310-2333,경기도 시흥시청,2021-10-31
142,한샘청수낚시터,평지,경기도 시흥시 수인로2107번길35,경기도 시흥시 조남동587,37.37045,126.87239,,2215,붕어+잉어,75,지상고정형,"(평일) 20,000원 (휴일)30,000원",,구명부환+소화기+구급약품,화장실+쓰레기통,,031-310-2333,경기도 시흥시청,2021-10-31
143,과림 낚시터,저수지,경기도 시흥시 과림저수지길 79,경기도 시흥시 과림동 207,37.45313,126.82729,02-2616-3858,132800,붕어+잉어,415,고정형,1일 30000원,,구명부환+소화기+구급약품,화장실+쓰레기통,,031-310-2333,경기도 시흥시청,2021-10-31
144,금이 낚시터,저수지,경기도 시흥시 금이진말길 159,경기도 시흥시 금이동 635,37.39915,126.8295,031-315-9459,98900,붕어+잉어,250,고정형,1일 30000원,,구명부환+소화기+구급약품,화장실+쓰레기통,,031-310-2333,경기도 시흥시청,2021-10-31
145,뒷방울 낚시터,저수지,경기도 시흥시 뒷방울길 147,경기도 시흥시 정왕동 21,37.37137,126.74866,031-498-0737,21000,붕어+잉어,200,고정형,1일 30000원+(겨울)20000원,,구명부환+소화기+구급약품,화장실+쓰레기통,,031-310-2333,경기도 시흥시청,2021-10-31
146,청용 낚시터,저수지,경기도 시흥시 청룡저수지길 216,경기도 시흥시 방산동 878,37.42252,126.76005,,45000,붕어+잉어,150,고정형,1일 30000원,,구명부환+소화기+구급약품,화장실+쓰레기통,,031-310-2333,경기도 시흥시청,2021-10-31
147,달월 낚시터,저수지,경기도 시흥시 군자로 125-39,경기도 시흥시 월곶동 산63-7,37.37245,126.77062,031-498-9300,73000,붕어+잉어,160,고정형,1일 (손맛터)20000원+(잡이터)30000원,,구명부환+소화기+구급약품,화장실+쓰레기통,,031-310-2333,경기도 시흥시청,2021-10-31
148,칠리제 낚시터,저수지,경기도 시흥시 수인로 2564-8,경기도 시흥시 금이동 산120-2,37.40337,126.84862,031-314-8366,49000,붕어+잉어,120,지상고정형,1일 30000원,,구명부환+소화기+구급약품,화장실+쓰레기통,,031-310-2333,경기도 시흥시청,2021-10-31
149,샘골 낚시터,평지,경기도 시흥시 신흥마을5길 32-21,경기도 시흥시 신천동 617,37.43943,126.77225,,1792,붕어+잉어,100,지상고정형,1일 15000원,,구명부환+소화기+구급약품,화장실+쓰레기통,,031-310-2333,경기도 시흥시청,2021-10-31
150,한탄강 낚시터,평지,경기도 시흥시 수인로 2495-1,경기도 시흥시 논곡동 48-1,37.3995,126.85366,031-402-8182,983,붕어+잉어,31,지상고정형,1일 20000원,,구명부환+소화기+구급약품,화장실+쓰레기통,,031-310-2333,경기도 시흥시청,2021-10-31
151,약수 낚시터,평지,경기도 시흥시 동서로 989-32,경기도 시흥시 조남동 213,37.38157,126.85253,031-405-6252,1197,붕어+잉어,96,지상고정형,(평일)10000원+(휴일)20000원,,구명부환+소화기+구급약품,화장실+쓰레기통,,031-310-2333,경기도 시흥시청,2021-10-31
152,계수 낚시터,평지,경기도 시흥시 구미1길 33,경기도 시흥시 계수동 447-1,37.4516,126.80476,031-311-9508,1800,붕어+잉어,70,지상고정형,1일 10000원,,구명부환+소화기+구급약품,화장실+쓰레기통,,031-310-2333,경기도 시흥시청,2021-10-31
153,임진낚시캠핑,평지,경기도 파주시 문산읍 임진나루길 178-68,경기도 파주시 문산읍 임진리 34번지,37.88809785,126.7928557,,2321,메기+붕어+잉어 등,100,고정형,20000,,구명조끼+구급약품+화기,화장실+매점+방송시설 등,,031-940-4917,경기도 파주시 동물자원과,2022-05-24
154,자유로레저낚시터,평지,경기도 파주시 탄현면 엘지로717번길 2-114,경기도 파주시 탄현면 낙하리 312-1번지,37.83697823,126.7299072,,1195,메기+붕어+잉어 등,100,고정형,20000,,구명조끼+구급약품+화기,관리실+매점+화장실 등,,031-940-4917,경기도 파주시 동물자원과,2022-05-24
155,썸피싱카페낚시터,평지,경기도 파주시 금정18길 20,경기도 파주시 금촌동 71-9번지 장안아파트,37.76092367,126.7749272,031-942-1385,64,메기+붕어+잉어 등,17,고정형,20000,,구명조끼+구급약품+화기,화장실+방송시설 등,,031-940-4917,경기도 파주시 동물자원과,2022-05-24
156,금곡낚시터,평지,경기도 파주시 법원읍 술이홀로1372번길 347,경기도 파주시 법원읍 금곡리 32번지,37.89267479,126.8926452,031-958-2503,3589,메기+붕어+잉어 등,60,고정형,30000,,구명조끼+구급약품+화기,관리실+매점+화장실 등,,031-940-4917,경기도 파주시 동물자원과,2022-05-24
157,지오낚시터,기타,경기도 연천군 군남면 청정로 2060,경기도 연천군 군남면 황지리 529,38.0431958641,127.0296003969,,1560,송어+메기,70,해당없음,30000원,,구명부환+소화기,화장실+분리수거통,,,연천군,2022-06-03
158,삼화리낚시터,저수지,경기도 연천군 미산면 삼화2길 96,경기도 연천군 미산면 삼화리 183,38.0127037651,126.9767416008,,8214,붕어,40,해당없음,30000원,,구명부환+소화기,화장실+분리수거통,,,연천군,2022-06-03
159,양원리낚시터,저수지,경기도 연천군 전곡읍 양원로 108-37,경기도 연천군 전곡읍 양원리 660-3,37.987430587,127.0210489886,,2611,메기,50,해당없음,30000원,,구명부환+소화기,화장실+분리수거통,,,연천군,2022-06-03
160,전곡낚시터,저수지,경기도 연천군 군남면 오리골길 124,경기도 연천군 군남면 황지리 447,38.0370457766,127.0340200388,,10392,송어+메기,150,해당없음,30000원,,구명부환+소화기,화장실+분리수거통,,,연천군,2022-06-03
161,한탄강낚시터,기타,경기도 연천군 전곡읍 평화로495번길 16-31,경기도 연천군 전곡읍 전곡리 211-5,38.0151795909,127.0675996512,,1063,붕어,40,해당없음,30000원,,구명부환+소화기,화장실+분리수거통,,,연천군,2022-06-03
162,백학낚시터,저수지,경기도 연천군 백학면 저수지길 21,경기도 연천군 백학면 통구리 203,38.032232,126.9250483036,,407736,붕어+잉어,190,이동형,25000원,,구명부환+구명조끼+소화기,화장실+분리수거통,,,연천군,2022-06-03
163,매일낚시터,평지,경기도 파주시 광탄면 보광로 898-17,경기도 파주시 광탄면 마장리 121번지,37.77641772,126.884343,,832,메기+붕어+잉어 등,100,고정형,20000,,구명조끼+구급약품+화기,관리실+매점+화장실 등,,031-940-4917,경기도 파주시 동물자원과,2022-05-24
164,문화레저낚시터,평지,경기도 파주시 광탄면 혜음로 1300-45,경기도 파주시 광탄면 신산리 246번지,37.79682665,126.8497236,,2000,메기+붕어+잉어 등,100,고정형,20000,,구명조끼+구급약품+화기,관리실+매점+화장실 등,,031-940-4917,경기도 파주시 동물자원과,2022-05-24
165,놀러와실내낚시카페,기타,"경기도 안산시 상록구 샘골로 159, 창원빌딩 지하1층 2~3호 (본오동)",경기도 안산시 상록구 본오동 879-9 창원빌딩 지하1층 2~3호,37.29806560072,126.8629480419,031-409-3674,240,잉어+향어,30,없음,"1시간 10,000원",,"구명부환2,소화기3,구급약품함","휴게실, 화장실, 흡연실",,031-481-2330,해양수산과,2021-10-21
166,낚시존낚시카페,기타,"경기도 안산시 단원구 고잔로 76, 영풍빌딩 지하1층 37~41호 (고잔동)",경기도 안산시 단원구 고잔동 533-3 영풍빌딩 37~41호,37.31889090340,126.8348385401,031-401-4462,244,잉어+향어,46,없음,"1시간 5,000원",,"구명부환0, 소화기4,구급약품함1","휴게실, 화장실, 흡연실",,031-481-2330,해양수산과,2021-10-21
167,꾼낚시카페,기타,"경기도 안산시 단원구 고잔2길 38, 중앙상가 지하층 1,2,3호 (고잔동)","경기도 안산시 단원구 고잔동 537-2 중앙상가 1,2,3호",37.31756622397,126.8353288839,031-401-4462,80,민물고기,40,없음,"1시간 10,000원",,"구명부환1,소화기2,구급약품","휴게실, 화장실, 흡연실",,031-481-2330,해양수산과,2021-10-21
168,미췬물고기,기타,"부천시 신흥로56번길 50, 지층 (심곡동)",,37.4882787,126.77991,032-612-0620,130.5,"붕어, 비단잉어, 잉어, 철갑상어, 향어",12,고정형,"남:1만, 여:7천 ,청소년:7천, 초등학생이하:7천",,구명부환+구명조끼+소화기+구급약품+배수설비+전기설비,화장실+분리수거통,,,부천시청,2021-11-01
169,아마존실내낚시터,기타,"부천시 부흥로 404, 지하1층",,37.4896579,126.78513,070-7759-1253,175,"복돼지, 붕어, 비단잉어, 송어, 역돔, 잉어, 철갑상어",40,고정형,"남:1만, 여:9천, 청소년이하:7천",,구명부환+구명조끼+소화기+구급약품+배수설비+전기설비,화장실+분리수거통,,,부천시청,2021-11-01
170,놀러와실내낚시카페,기타,"부천시 부일로459번길 33, 지하1층",,37.4875699,126.781518,050-7987-0709,62.7,"대물잉어, 대물향어, 붕어, 잉어, 철갑상어, 향어",27,고정형,"남:1만, 여:9천, 커플:각 9천, 청소년:8천, 초등학생이하:7천",,구명부환+구명조끼+소화기+구급약품+배수설비+전기설비,화장실+분리수거통,,,부천시청,2021-11-01
171,리얼바다낚시터,기타,"부천시 상일로 72-1, 신라쇼핑타운 지하 51호",,37.4901476,126.75029,032-322-6675,92,"농어, 도다리, 우럭, 줄돔, 참돔",20,고정형,"1시간:2만, 2시간:3만, 3시간:4만, 5시간:6만",,구명부환+구명조끼+소화기+구급약품+배수설비+전기설비,화장실+분리수거통,,,부천시청,2022-11-22
172,쉼터 낚시터,평지,경기도 시흥시 하중로 281,경기도 시흥시 광석동 346,37.38821,126.80687,,690,붕어+잉어,60,지상고정형,(평일)10000원+(휴일)15000원,,구명부환+소화기+구급약품,화장실+쓰레기통,,031-310-2333,경기도 시흥시청,2021-10-31
173,능곡 낚시터,평지,경기도 시흥시 시흥대로268번길 50-28,경기도 시흥시 능곡동 434,37.36146,126.81064,031-318-3638,600,붕어+잉어,50,지상고정형,(평일)10000원+(휴일)20000원,,구명부환+소화기+구급약품,화장실+쓰레기통,,031-310-2333,경기도 시흥시청,2021-10-31
174,군자 낚시터,평지,경기도 시흥시 시흥대로216-18,경기도 시흥시 군자동 62,37.35995,123.80808,,1064,붕어+잉어,50,지상고정형,1일 10000원,,구명부환+소화기+구급약품,화장실+쓰레기통,,031-310-2333,경기도 시흥시청,2021-10-31
175,산정 낚시터,평지,경기도 시흥시 피울길 173,경기도 시흥시 산현동 412-3,37.36794,126.82918,031-485-7280,1793,붕어+잉어,100,지상고정형,1일 10000원,,구명부환+소화기+구급약품,화장실+쓰레기통,,031-310-2333,경기도 시흥시청,2021-10-31
176,까치 낚시터,평지,경기도 시흥시 수인로2107번길 146,경기도 시흥시 조남동 520-1,37.36734,126.86603,031-480-7760,1244,붕어+잉어,80,지상고정형,1일 10000원,,구명부환+소화기+구급약품,화장실+쓰레기통,,031-310-2333,경기도 시흥시청,2021-10-31
177,청춘바다낚시,기타,경기도 시흥시 오동마을로6번길 21,경기도 시흥시 정왕동 2322-5,37.35224,126.74325,,50.64,붕어+잉어,14,지상고정형,1시간(성인)10000원+(학생)7000원+(아동)5000원,,구명부환+소화기+구급약품,화장실+쓰레기통,,031-310-2333,경기도 시흥시청,2021-10-31
178,달월사계절 낚시터,평지,경기도 시흥시 군자로 125-5,"경기도 시흥시 월곶동 339, 340",37.37326,126.76863,,720.2,붕어+잉어,78,지상고정형,1일 10000원,,구명부환+소화기+구급약품,화장실+쓰레기통,,031-310-2333,경기도 시흥시청,2021-10-31
179,새미 낚시터,평지,,경기도 시흥시 조남동 299,37.37363,126.86493,,1628,붕어+잉어,69,지상고정형,1일 10000원,,구명부환+소화기+구급약품,화장실+쓰레기통,,031-310-2333,경기도 시흥시청,2021-10-31
180,시흥드림바다 낚시터,기타,경기도 시흥시 황고개로293번길 7,경기도 시흥시 군자동 553-5,37.35766,126.78533,,119,광어,32,지상고정형,"2시간 33,000원+ 4시간 55,000원",,구명부환+소화기+구급약품,화장실+쓰레기통,,031-310-2333,경기도 시흥시청,2021-10-31
181,신천자연 낚시터,평지,경기도 시흥시 두문로71번길 18-5,경기도 시흥시 신천동 234,37.43211,126.78494,,1080,붕어+잉어,100,지상고정형,1일 10000원,,구명부환+소화기+구급약품,화장실+쓰레기통,,031-310-2333,경기도 시흥시청,2021-10-31
182,왕골 낚시터,평지,,"경기도 시흥시 조남동 492-1, 492-2",37.36567,126.85757,,3226,붕어+잉어,120,지상고정형,1일 10000원,,구명부환+소화기+구급약품,화장실+쓰레기통,,031-310-2333,경기도 시흥시청,2021-10-31
183,하마낚시터,평지,경기도 파주시 적성면 국사로 297,경기도 파주시 적성면 자장리 148번지,37.96115977,126.8696215,,4780,메기+붕어+잉어 등,100,고정형,20000,,구명조끼+구급약품+화기,관리실+매점+화장실 등,,031-940-4917,경기도 파주시 동물자원과,2022-05-24
184,산골낚시터,평지,경기도 파주시 법원읍 만월로613번길 237,경기도 파주시 법원읍 직천리 759-1번지,37.89033168,126.9140339,,2835,메기+붕어+잉어 등,100,고정형,20000,,구명조끼+구급약품+화기,관리실+매점+화장실 등,,031-940-4917,경기도 파주시 동물자원과,2022-05-24
185,넘버원애드낚시터,평지,경기도 파주시 법원읍 보광로 1663,경기도 파주시 법원읍 삼방리 391-7번지,37.82400373,126.8684493,,2766,메기+붕어+잉어 등,100,고정형,20000,,구명조끼+구급약품+화기,관리실+매점+화장실 등,,031-940-4917,경기도 파주시 동물자원과,2022-05-24
186,아름낚시터,평지,경기도 파주시 광탄면 부흥로 422,경기도 파주시 광탄면 발랑리 188-5번지,37.80380438,126.8939758,,1085,메기+붕어+잉어 등,100,고정형,30000,,구명조끼+구급약품+화기,관리실+매점+화장실 등,,031-940-4917,경기도 파주시 동물자원과,2022-05-24
187,직천낚시터,저수지,경기도 파주시 법원읍 만월로 537-29,경기도 파주시 법원읍 직천리 462번지,37.89620911,126.9233593,031-958-1954,452000,메기+붕어+잉어 등,100,부유형,20000,,구명조끼+구급약품+화기,관리실+매점+화장실 등,,031-940-4917,경기도 파주시 동물자원과,2022-05-24
188,감악산낚시터,평지,경기도 파주시 적성면 감골길 48,경기도 파주시 적성면 무건리 2번지,37.91216452,126.9521871,031-958-6116,2702,메기+붕어+잉어 등,100,고정형,20000,,구명조끼+구급약품+화기,관리실+매점+화장실 등,,031-940-4917,경기도 파주시 동물자원과,2022-05-24
189,본죽낚시터,저수지,경기도 이천시 율면 주래본죽로 508-1,경기도 이천시 율면 본죽리 401,37.08,127.52,,15000,붕어,100,고정형,30000,,구명부환+구명조끼+소화기+구급약품,화장실+쓰레기통,돼지보러오면돼지,031-644-2328,경기도 이천시청,2021-11-09
190,학암낚시터,저수지,경기도 이천시 신둔면 이장로311번길 490,경기도 이천시 신둔면 고척리 493,37.28,127.37,,13000,붕어+향어+잉어,100,고정형,40000,,구명부환+구명조끼+소화기+구급약품,화장실+쓰레기통,예스파크+사기막골 도예촌,031-644-2328,경기도 이천시청,2021-11-09
191,고담낚시터,저수지,경기도 이천시 진상미로2192번길 217,경기도 이천시 고담동 298-3,37.23,127.46,,29000,붕어,126,고정형,30000,,구명부환+구명조끼+소화기+구급약품,화장실+쓰레기통,IT전래동화 인성체험관+도니울마을+이천 테르메덴,031-644-2328,경기도 이천시청,2021-11-09
192,각평낚시터,저수지,경기도 이천시 마장면 덕이로154번길 273,경기도 이천시 마장면 각평리 296-2,37.23,127.38,,39000,붕어+잉어+메기,124,고정형,30000,,구명부환+구명조끼+소화기+구급약품,화장실+쓰레기통,별빛정원우주+롯데 프리미엄 아울렛+지산포레스트 리조트,031-644-2328,경기도 이천시청,2021-11-09
193,용면파크낚시터,저수지,경기도 이천시 신둔면 용면리 533,경기도 이천시 신둔면 용면리 533,37.29,127.36,,49000,붕어+향어+잉어+메기+빙어,84,고정형,40000,,구명부환+구명조끼+소화기+구급약품,화장실+쓰레기통,예스파크+사기막골 도예촌,031-644-2328,경기도 이천시청,2021-11-09
194,용풍낚시터,저수지,경기도 이천시 장호원읍 송산리 298,경기도 이천시 장호원읍 송산리 298,37.12,127.59,,311000,붕어+가물치,85,고정형,30000,,구명부환+구명조끼+소화기+구급약품,화장실+쓰레기통,돼지박물관+연화정사,031-644-2328,경기도 이천시청,2021-11-09
195,성호낚시터,저수지,경기도 이천시 설성면 장천리 238,경기도 이천시 설성면 장천리 238,37.13,127.53,,347000,붕어+잉어+동자개,200,고정형,25000,,구명부환+구명조끼+소화기+구급약품,화장실+쓰레기통,성호호수 연꽃단지+노승산+말머리바위+와우목장,031-644-2328,경기도 이천시청,2021-11-09
196,작은연못낚시터,평지,경기도 파주시 광탄면 방축안길 39-5,경기도 파주시 광탄면 방축리 221-2번지,37.81228319,126.8594378,031-941-0042,576,메기+붕어+잉어 등,100,고정형,20000,,구명조끼+구급약품+화기,관리실+매점+화장실 등,,031-940-4917,경기도 파주시 동물자원과,2022-05-24
197,발랑낚시터,저수지,경기도 파주시 광탄면 부흥로 596,경기도 파주시 광탄면 발랑리 9-7번지,37.80606609,126.9080435,031-941-8675,148212,메기+붕어+잉어 등,100,부유형,20000,,구명조끼+구급약품+화기,관리실+매점+화장실 등,,031-940-4917,경기도 파주시 동물자원과,2022-05-24
198,광탄낚시터,저수지,경기도 파주시 광탄면 부흥로 194-24,경기도 파주시 광탄면 방축리 549번지,37.80224978,126.8674305,031-941-8513,18000,메기+붕어+잉어 등,100,부유형,20000,,구명조끼+구급약품+화기,화장실+매점+방송시설 등,,031-940-4917,경기도 파주시 동물자원과,2022-05-24
199,당골낚시터,저수지,경기도 화성시 장안면 장안리 35 외 6필지,경기도 화성시 장안면 장안리 35 외 6필지,37.05532018,126.8664096,031-351-2881,1312,붕어+잉어,120,고정형,25000,낚시터 전체,구명부환+소화기+구급약품 등,관리소+화장실+쓰레기통,남양호(남양황라),031-5189-3311,경기도 화성시청,2021-10-20
200,화성대어낚시터,저수지,경기도 화성시 비봉면 비봉로528번길 40,경기도 화성시 비봉면 삼화리 15-1번지,37.26042685,126.8529977,031-355-7350,3865,붕어+잉어,80,고정형,20000,낚시터 전체,구명부환+소화기+구급약품 등,관리소+화장실+쓰레기통,비봉습지공원,031-5189-3311,경기도 화성시청,2021-10-20
201,매일낚시터,평지,경기도 파주시 광탄면 보광로 898-17,경기도 파주시 광탄면 마장리 121번지,37.77641772,126.884343,,832,메기+붕어+잉어 등,100,고정형,20000,,구명조끼+구급약품+화기,관리실+매점+화장실 등,,031-940-4917,경기도 파주시 동물자원과,2022-05-24
202,문화레저낚시터,평지,경기도 파주시 광탄면 혜음로 1300-45,경기도 파주시 광탄면 신산리 246번지,37.79682665,126.8497236,,2000,메기+붕어+잉어 등,100,고정형,20000,,구명조끼+구급약품+화기,관리실+매점+화장실 등,,031-940-4917,경기도 파주시 동물자원과,2022-05-24
203,하마낚시터,평지,경기도 파주시 적성면 국사로 297,경기도 파주시 적성면 자장리 148번지,37.96115977,126.8696215,,4780,메기+붕어+잉어 등,100,고정형,20000,,구명조끼+구급약품+화기,관리실+매점+화장실 등,,031-940-4917,경기도 파주시 동물자원과,2022-05-24
204,산골낚시터,평지,경기도 파주시 법원읍 만월로613번길 237,경기도 파주시 법원읍 직천리 759-1번지,37.89033168,126.9140339,,2835,메기+붕어+잉어 등,100,고정형,20000,,구명조끼+구급약품+화기,관리실+매점+화장실 등,,031-940-4917,경기도 파주시 동물자원과,2022-05-24
205,넘버원애드낚시터,평지,경기도 파주시 법원읍 보광로 1663,경기도 파주시 법원읍 삼방리 391-7번지,37.82400373,126.8684493,,2766,메기+붕어+잉어 등,100,고정형,20000,,구명조끼+구급약품+화기,관리실+매점+화장실 등,,031-940-4917,경기도 파주시 동물자원과,2022-05-24
206,아름낚시터,평지,경기도 파주시 광탄면 부흥로 422,경기도 파주시 광탄면 발랑리 188-5번지,37.80380438,126.8939758,,1085,메기+붕어+잉어 등,100,고정형,30000,,구명조끼+구급약품+화기,관리실+매점+화장실 등,,031-940-4917,경기도 파주시 동물자원과,2022-05-24
207,직천낚시터,저수지,경기도 파주시 법원읍 만월로 537-29,경기도 파주시 법원읍 직천리 462번지,37.89620911,126.9233593,031-958-1954,452000,메기+붕어+잉어 등,100,부유형,20000,,구명조끼+구급약품+화기,관리실+매점+화장실 등,,031-940-4917,경기도 파주시 동물자원과,2022-05-24
208,감악산낚시터,평지,경기도 파주시 적성면 감골길 48,경기도 파주시 적성면 무건리 2번지,37.91216452,126.9521871,031-958-6116,2702,메기+붕어+잉어 등,100,고정형,20000,,구명조끼+구급약품+화기,관리실+매점+화장실 등,,031-940-4917,경기도 파주시 동물자원과,2022-05-24
209,작은연못낚시터,평지,경기도 파주시 광탄면 방축안길 39-5,경기도 파주시 광탄면 방축리 221-2번지,37.81228319,126.8594378,031-941-0042,576,메기+붕어+잉어 등,100,고정형,20000,,구명조끼+구급약품+화기,관리실+매점+화장실 등,,031-940-4917,경기도 파주시 동물자원과,2022-05-24
210,발랑낚시터,저수지,경기도 파주시 광탄면 부흥로 596,경기도 파주시 광탄면 발랑리 9-7번지,37.80606609,126.9080435,031-941-8675,148212,메기+붕어+잉어 등,100,부유형,20000,,구명조끼+구급약품+화기,관리실+매점+화장실 등,,031-940-4917,경기도 파주시 동물자원과,2022-05-24
211,광탄낚시터,저수지,경기도 파주시 광탄면 부흥로 194-24,경기도 파주시 광탄면 방축리 549번지,37.80224978,126.8674305,031-941-8513,18000,메기+붕어+잉어 등,100,부유형,20000,,구명조끼+구급약품+화기,화장실+매점+방송시설 등,,031-940-4917,경기도 파주시 동물자원과,2022-05-24
212,임진낚시캠핑,평지,경기도 파주시 문산읍 임진나루길 178-68,경기도 파주시 문산읍 임진리 34번지,37.88809785,126.7928557,,2321,메기+붕어+잉어 등,100,고정형,20000,,구명조끼+구급약품+화기,화장실+매점+방송시설 등,,031-940-4917,경기도 파주시 동물자원과,2022-05-24
213,자유로레저낚시터,평지,경기도 파주시 탄현면 엘지로717번길 2-114,경기도 파주시 탄현면 낙하리 312-1번지,37.83697823,126.7299072,,1195,메기+붕어+잉어 등,100,고정형,20000,,구명조끼+구급약품+화기,관리실+매점+화장실 등,,031-940-4917,경기도 파주시 동물자원과,2022-05-24
214,썸피싱카페낚시터,평지,경기도 파주시 금정18길 20,경기도 파주시 금촌동 71-9번지 장안아파트,37.76092367,126.7749272,031-942-1385,64,메기+붕어+잉어 등,17,고정형,20000,,구명조끼+구급약품+화기,화장실+방송시설 등,,031-940-4917,경기도 파주시 동물자원과,2022-05-24
215,금곡낚시터,평지,경기도 파주시 법원읍 술이홀로1372번길 347,경기도 파주시 법원읍 금곡리 32번지,37.89267479,126.8926452,031-958-2503,3589,메기+붕어+잉어 등,60,고정형,30000,,구명조끼+구급약품+화기,관리실+매점+화장실 등,,031-940-4917,경기도 파주시 동물자원과,2022-05-24
216,용주골낚시터,저수지,경기도 화성시 황계남길 15,경기도 화성시 송산동 183-4번지,37.21157743,127.0086725,031-236-6063,5487,붕어+잉어,100,고정형,25000,낚시터 전체,구명부환+소화기+구급약품 등,관리소+화장실+쓰레기통,용주사,031-5189-3311,경기도 화성시청,2021-10-20
217,기천낚시터,저수지,경기도 화성시 봉담읍 건달산로 309-33,경기도 화성시 봉담읍 상기리 653번지,37.19629691,126.9117052,031-227-3223,422154,붕어+잉어,120,고정형,25000,낚시터 전체,구명부환+소화기+구급약품 등,관리소+화장실+쓰레기통,봉담호수공원,031-5189-3311,경기도 화성시청,2021-10-20
218,남전낚시터,저수지,경기도 화성시 비봉면 남이로132번길 79-13,경기도 화성시 비봉면 남전리 649번지,37.23857033,126.8347166,031-366-8695,30191,붕어+잉어,80,고정형,25000,낚시터 전체,구명부환+소화기+구급약품 등,관리소+화장실+쓰레기통,비봉습지공원,031-5189-3311,경기도 화성시청,2021-10-20
219,관리낚시터,저수지,경기도 화성시 향남읍 동오리 545-1 외 3필지,경기도 화성시 향남읍 동오리 545-1 외 3필지,37.13297478,126.9457119,031-353-9232,8060,붕어+잉어,80,고정형,30000,낚시터 전체,구명부환+소화기+구급약품 등,관리소+화장실+쓰레기통,제암리3.1운동순국유적지,031-5189-3311,경기도 화성시청,2021-10-20
220,버들낚시터,저수지,경기도 화성시 장안면 버들안길 3,경기도 화성시 장안면 석포리 478-1번지,37.12872541,126.8353876,031-358-6346,141509,붕어+잉어,80,고정형+부유형,20000,낚시터 전체,구명부환+소화기+구급약품 등,관리소+화장실+쓰레기통,남양호(남양황라),031-5189-3311,경기도 화성시청,2021-10-20
221,어천낚시터,저수지,경기도 화성시 매송면 어사로 47,경기도 화성시 매송면 어천리 241-1번지,37.25528976,126.9144635,031-291-3665,226281,붕어+잉어,100,고정형+부유형,15000,낚시터 전체,구명부환+소화기+구급약품 등,관리소+화장실+쓰레기통,칠보산 제3전망대,031-5189-3311,경기도 화성시청,2021-10-20
222,새봉낚시터,저수지,경기도 화성시 정남면 세자로303번길 46,경기도 화성시 정남면 보통리 33번지,37.1947972,126.9760645,031-352-3833,10179,붕어+잉어,80,고정형,30000,낚시터 전체,구명부환+소화기+구급약품 등,관리소+화장실+쓰레기통,보통리저수지,031-5189-3311,경기도 화성시청,2021-10-20
223,신촌낚시터,저수지,경기도 화성시 매송면 매송북길 179,경기도 화성시 매송면 송라리 284-1번지,37.28422966,126.9017887,031-295-9949,6500,붕어+잉어,80,고정형+부유형,15000,낚시터 전체,구명부환+소화기+구급약품 등,관리소+화장실+쓰레기통,칠보산 제3전망대,031-5189-3311,경기도 화성시청,2021-10-20
224,조암낚시터,저수지,경기도 화성시 우정읍 한뿌리1길 157-25,경기도 화성시 우정읍 한각리 94-7번지,37.09650621,126.8021179,031-351-1385,350401,붕어+잉어,80,부유형,10000,낚시터 전체,구명부환+소화기+구급약품 등,관리소+화장실+쓰레기통,남양호(남양황라),031-5189-3311,경기도 화성시청,2021-10-20
225,송라낚시터,저수지,경기도 화성시 매송면 매송북길 179,경기도 화성시 매송면 송라리 284-1번지,37.28422966,126.9017887,031-295-9949,107940,붕어+잉어,120,고정형+부유형,15000,낚시터 전체,구명부환+소화기+구급약품 등,관리소+화장실+쓰레기통,칠보산 제3전망대,031-5189-3311,경기도 화성시청,2021-10-20
226,동방낚시터,저수지,경기도 화성시 팔탄면 노하길116번길 198,경기도 화성시 팔탄면 노하리 596번지,37.15153123,126.8634678,031-354-9516,483714,붕어+잉어,130,고정형+부유형,15000,낚시터 전체,구명부환+소화기+구급약품 등,관리소+화장실+쓰레기통,우리꽃식물원,031-5189-3311,경기도 화성시청,2021-10-20
227,안석낚시터,저수지,경기도 화성시 남양읍 활초길 214-17,경기도 화성시 남양읍 안석리 산118-1번지,37.16005343,126.8344179,031-356-6435,62016,붕어+잉어,120,고정형+부유형,25000,낚시터 전체,구명부환+소화기+구급약품 등,관리소+화장실+쓰레기통,남양성모성지,031-5189-3311,경기도 화성시청,2021-10-20
228,은수포낚시터,저수지,경기도 화성시 서신면 은수포길 194,경기도 화성시 서신면 전곡리 80-12번지,37.19982403,126.6914026,031-357-3423,29814,붕어+잉어,90,없음,20000,낚시터 전체,구명부환+소화기+구급약품 등,관리소+화장실+쓰레기통,제부도 해안산책로,031-5189-3311,경기도 화성시청,2021-10-20
229,덕우낚시터,저수지,경기도 화성시 봉담읍 삼천병마로 709,경기도 화성시 봉담읍 덕리 70-3번지,37.17108351,126.9358869,031-298-9116,938207,붕어+잉어,220,고정형+부유형,15000,낚시터 전체,구명부환+소화기+구급약품 등,관리소+화장실+쓰레기통,봉담호수공원,031-5189-3311,경기도 화성시청,2021-10-20
230,초당낚시터,저수지,경기도 화성시 봉담읍 주석로 891-21,경기도 화성시 봉담읍 상기리 607번지,37.20057681,126.911655,031-227-0387,2780,붕어+잉어,80,고정형,15000,낚시터 전체,구명부환+소화기+구급약품 등,관리소+화장실+쓰레기통,봉담호수공원,031-5189-3311,경기도 화성시청,2021-10-20
231,성지골낚시터,저수지,경기도 화성시 서신면 장외리 214-2 외 4필지,경기도 화성시 서신면 장외리 214-2 외 4필지,37.17196949,126.6702362,031-357-4722,2843,붕어+잉어,80,없음,20000,낚시터 전체,구명부환+소화기+구급약품 등,관리소+화장실+쓰레기통,제부도 해안산책로,031-5189-3311,경기도 화성시청,2021-10-20
232,양석낚시터,저수지,경기도 화성시 향남읍 하길리 504-1 외 2필지,경기도 화성시 향남읍 하길리 504-1 외 2필지,37.10886824,126.9240506,031-353-8514,3919,붕어+잉어,80,고정형,20000,낚시터 전체,구명부환+소화기+구급약품 등,관리소+화장실+쓰레기통,제암리3.1운동순국유적지,031-5189-3311,경기도 화성시청,2021-10-20
233,스타바다좌대낚시터,바다,경기도 화성시 서신면 송교리 405-1 외 1필지,경기도 화성시 서신면 송교리 405-1 외 1필지,37.1705191,126.6577333,031-357-5538,3360,돔류,150,고정형+부유형,60000,낚시터 전체,구명부환+소화기+구급약품 등,관리소+화장실+쓰레기통,제부도 해안산책로,031-5189-3311,경기도 화성시청,2021-10-20
234,서신레저바다낚시터,바다,경기도 화성시 서신면 화남공단로 79,경기도 화성시 서신면 송교리 42-21번지,37.16170633,126.6814562,031-357-9366,30547,돔류,300,고정형+부유형,70000,낚시터 전체,구명부환+소화기+구급약품 등,관리소+화장실+쓰레기통,제부도 해안산책로,031-5189-3311,경기도 화성시청,2021-10-20
235,국화도좌대낚시터,바다,경기도 화성시 우정읍 국화길 2,경기도 화성시 우정읍 국화리 137번지,37.06090765,126.5593612,031-356-9975,557,우럭,16,부유형,20000,낚시터 전체,구명부환+소화기+구급약품 등,관리소+화장실+쓰레기통,국화도,031-5189-3311,경기도 화성시청,2021-10-20
236,청춘바다낚시터,바다,경기도 화성시 우정읍 국화리 산 4,경기도 화성시 우정읍 국화리 산 4,37.10525104,126.5398058,031-357-4422,239,우럭,75,부유형,70000,낚시터 전체,구명부환+소화기+구급약품 등,관리소+화장실+쓰레기통,입파도,031-5189-3311,경기도 화성시청,2021-10-20
237,매송낚시터,저수지,경기도 화성시 매송면 매송로330번길 50,경기도 화성시 매송면 야목리 574번지,37.26439417,126.8864237,000-0000-0000,1853,메기+붕어,93,고정형,50000,낚시터 전체,구명부환+소화기+구급약품 등,관리소+화장실+쓰레기통,칠보산 제3전망대,031-5189-3311,경기도 화성시청,2021-10-20
238,죠스실내낚시카페,기타,경기도 화성시 효행로 1051,경기도 화성시 진안동 914-1번지,37.21465039,127.0417616,031-292-3766,84,돔류,26,없음,9000,낚시터 전체,구명부환+소화기+구급약품 등,관리소+화장실+쓰레기통,다람산공원,031-5189-3311,경기도 화성시청,2021-10-20
239,화성락실내바다낚시터,기타,경기도 화성시 봉담읍 하가등리 379-12,경기도 화성시 봉담읍 하가등리 379-12,37.14559335,126.9308477,031-292-3855,153,돔류,34,없음,33000,낚시터 전체,구명부환+소화기+구급약품 등,관리소+화장실+쓰레기통,봉담호수공원,031-5189-3311,경기도 화성시청,2021-10-20
240,월문낚시터,평지,경기도 남양주시 와부읍 수레로661번안길 95,경기도 남양주시 와부읍 월문리 96,37.6247,127.2759,,600,-,99,없음,20000,,구명부환+구명조끼+소화기,화장실+분리수거통,,,경기도 남양주시,2022-11-17
241,남양낚시터,평지,경기도 남양주시 와부읍 석실로592번길 60,경기도 남양주시 와부읍 율석리 473,37.6155,127.2162,,2120,-,99,없음,15000,,구명부환+구명조끼+소화기,화장실+분리수거통,,,경기도 남양주시,2022-11-17
242,창포연못낚시터,평지,경기도 남양주시 진건우회로120번길 82-2,경기도 남양주시 진건읍 사능리 557-3,37.6454,127.1834,,1400,-,99,없음,15000,,구명부환+구명조끼+소화기,화장실+분리수거통,,,경기도 남양주시,2022-11-17
243,경춘낚시터,평지,경기도 남양주시 경춘로답내1길 122,"경기도 남양주시 화도읍 답내리 567,571-1,572",37.6626,127.3377,,2800,-,99,없음,20000,,구명부환+구명조끼+소화기,화장실+분리수거통,,,경기도 남양주시,2022-11-17
244,헤라낚시터,평지,경기도 남양주시 별내면 청학로54번길 83,경기도 남양주시 별내면 청학리 244,37.7126,127.1251,,1300,-,99,없음,15000,,구명부환+구명조끼+소화기,화장실+분리수거통,,,경기도 남양주시,2022-11-17
245,수동그린낚시터,평지,경기도 남양주시 수동면 지둔로 71-27,경기도 남양주시 수동면 운수리 230-1,37.7015,127.3186,,2000,-,99,없음,20000,,구명부환+구명조끼+소화기,화장실+분리수거통,,,경기도 남양주시,2022-11-17
246,천지연낚시터,평지,경기도 남양주시 고래산로 274,경기도 남양주시 와부읍 월문리 1306,37.5988,127.2874,,2300,-,99,없음,20000,,구명부환+구명조끼+소화기,화장실+분리수거통,,,경기도 남양주시,2022-11-17
247,늘푸른낚시터,평지,경기도 남양주시 별내면 청학로48번길 29-13,경기도 남양주시 별내면 청학리 181-1,37.7059,127.1238,,2900,-,99,없음,15000,,구명부환+구명조끼+소화기,화장실+분리수거통,,,경기도 남양주시,2022-11-17
248,숲속낚시터,평지,경기도 남양주시 식송1로 254-72,경기도 남양주시 별내동 2119,37.6619,127.1085,,1000,-,99,없음,15000,,구명부환+구명조끼+소화기,화장실+분리수거통,,,경기도 남양주시,2022-11-17
249,초원 낚시터,평지,경기도 남양주시 석실로408번길 142,경기도 남양주시 와부읍 율석리 522-7,37.6132,127.2203,,1300,-,99,없음,10000,,구명부환+구명조끼+소화기,화장실+분리수거통,,,경기도 남양주시,2022-11-17
250,남양주 실내 바다낚시터,평지,경기도 남양주시 진접읍 금강로 1857,,37.7500,127.2097,,150,-,99,없음,55000,,구명부환+구명조끼+소화기,화장실+분리수거통,,,경기도 남양주시,2022-11-17
251,남양주 락 실내바다 낚시터,평지,경기도 남양주시 고재로 143,경기도 남양주시 진건읍 배양리 313-8,37.6351,127.1784,,220,-,99,없음,55000,,구명부환+구명조끼+소화기,화장실+분리수거통,,,경기도 남양주시,2022-11-17
252,실내바다낚시터,평지,경기도 남양주시 진접읍 경복대로 485,,37.7383,127.2151,,90,-,99,없음,55000,,구명부환+구명조끼+소화기,화장실+분리수거통,,,경기도 남양주시,2022-11-17
253,왕골낚시터,평지,,"경기도 시흥시 조남동 492-1, 492-2",37.36567,126.85757,,3226,붕어+잉어,120,지상고정형,1일 10000원,,구명부환+소화기+구급약품,화장실+쓰레기통,,031-310-2335,경기도 시흥시청,2022-11-22
254,신천자연 낚시터,평지,경기도 시흥시 두문로71번길 18-5,경기도 시흥시 신천동 234,37.43211,126.78494,,1080,붕어+잉어,100,지상고정형,1일 10000원,,구명부환+소화기+구급약품,화장실+쓰레기통,,031-310-2335,경기도 시흥시청,2022-11-22
255,시흥드림바다 낚시터,기타,경기도 시흥시 황고개로293번길 7,경기도 시흥시 군자동 553-5,37.35766,126.78533,,119,광어,32,지상고정형,"2시간 33,000원+ 4시간 55,000원",,구명부환+소화기+구급약품,화장실+쓰레기통,,031-310-2335,경기도 시흥시청,2022-11-22
256,새미 낚시터,평지,,경기도 시흥시 조남동 299,37.37363,126.86493,,1628,붕어+잉어,69,지상고정형,1일 10000원,,구명부환+소화기+구급약품,화장실+쓰레기통,,031-310-2335,경기도 시흥시청,2022-11-22
257,달월사계절 낚시터,평지,경기도 시흥시 군자로 125-5,"경기도 시흥시 월곶동 339, 340",37.37326,126.76863,,720.2,붕어+잉어,78,지상고정형,1일 10000원,,구명부환+소화기+구급약품,화장실+쓰레기통,,031-310-2335,경기도 시흥시청,2022-11-22
258,까치 낚시터,평지,경기도 시흥시 수인로2107번길 146,경기도 시흥시 조남동 520-1,37.36734,126.86603,031-480-7760,1244,붕어+잉어,80,지상고정형,1일 10000원,,구명부환+소화기+구급약품,화장실+쓰레기통,,031-310-2335,경기도 시흥시청,2022-11-22
259,산정 낚시터,평지,경기도 시흥시 피울길 173,경기도 시흥시 산현동 412-3,37.36794,126.82918,031-485-7280,1793,붕어+잉어,100,지상고정형,1일 10000원,,구명부환+소화기+구급약품,화장실+쓰레기통,,031-310-2335,경기도 시흥시청,2022-11-22
260,군자 낚시터,평지,경기도 시흥시 시흥대로216-18,경기도 시흥시 군자동 62,37.35995,123.80808,,1064,붕어+잉어,50,지상고정형,1일 10000원,,구명부환+소화기+구급약품,화장실+쓰레기통,,031-310-2335,경기도 시흥시청,2022-11-22
261,능곡 낚시터,평지,경기도 시흥시 시흥대로268번길 50-28,경기도 시흥시 능곡동 434,37.36146,126.81064,031-318-3638,600,붕어+잉어,50,지상고정형,(평일)10000원+(휴일)20000원,,구명부환+소화기+구급약품,화장실+쓰레기통,,031-310-2335,경기도 시흥시청,2022-11-22
262,쉼터 낚시터,평지,경기도 시흥시 하중로 281,경기도 시흥시 광석동 346,37.38821,126.80687,,690,붕어+잉어,60,지상고정형,(평일)10000원+(휴일)15000원,,구명부환+소화기+구급약품,화장실+쓰레기통,,031-310-2335,경기도 시흥시청,2022-11-22
263,계수 낚시터,평지,경기도 시흥시 구미1길 33,경기도 시흥시 계수동 447-1,37.4516,126.80476,031-311-9508,1800,붕어+잉어,70,지상고정형,1일 10000원,,구명부환+소화기+구급약품,화장실+쓰레기통,,031-310-2335,경기도 시흥시청,2022-11-22
264,약수 낚시터,평지,경기도 시흥시 동서로 989-32,경기도 시흥시 조남동 213,37.38157,126.85253,031-405-6252,1197,붕어+잉어,96,지상고정형,(평일)10000원+(휴일)20000원,,구명부환+소화기+구급약품,화장실+쓰레기통,,031-310-2335,경기도 시흥시청,2022-11-22
265,한탄강 낚시터,평지,경기도 시흥시 수인로 2495-1,경기도 시흥시 논곡동 48-1,37.3995,126.85366,031-402-8182,983,붕어+잉어,31,지상고정형,1일 20000원,,구명부환+소화기+구급약품,화장실+쓰레기통,,031-310-2335,경기도 시흥시청,2022-11-22
266,샘골 낚시터,평지,경기도 시흥시 신흥마을5길 32-21,경기도 시흥시 신천동 617,37.43943,126.77225,,1792,붕어+잉어,100,지상고정형,1일 15000원,,구명부환+소화기+구급약품,화장실+쓰레기통,,031-310-2335,경기도 시흥시청,2022-11-22
267,칠리제 낚시터,저수지,경기도 시흥시 수인로 2564-8,경기도 시흥시 금이동 산120-2,37.40337,126.84862,031-314-8366,49000,붕어+잉어,120,지상고정형,1일 30000원,,구명부환+소화기+구급약품,화장실+쓰레기통,,031-310-2335,경기도 시흥시청,2022-11-22
268,달월 낚시터,저수지,경기도 시흥시 군자로 125-39,경기도 시흥시 월곶동 산63-7,37.37245,126.77062,031-498-9300,73000,붕어+잉어,160,고정형,1일 (손맛터)20000원+(잡이터)30000원,,구명부환+소화기+구급약품,화장실+쓰레기통,,031-310-2335,경기도 시흥시청,2022-11-22
269,청용 낚시터,저수지,경기도 시흥시 청룡저수지길 216,경기도 시흥시 방산동 878,37.42252,126.76005,,45000,붕어+잉어,150,고정형,1일 30000원,,구명부환+소화기+구급약품,화장실+쓰레기통,,031-310-2335,경기도 시흥시청,2022-11-22
270,뒷방울 낚시터,저수지,경기도 시흥시 뒷방울길 147,경기도 시흥시 정왕동 21,37.37137,126.74866,031-498-0737,21000,붕어+잉어,200,고정형,1일 30000원+(겨울)20000원,,구명부환+소화기+구급약품,화장실+쓰레기통,,031-310-2335,경기도 시흥시청,2022-11-22
271,금이 낚시터,저수지,경기도 시흥시 금이진말길 159,경기도 시흥시 금이동 635,37.39915,126.8295,031-315-9459,98900,붕어+잉어,250,고정형,1일 30000원,,구명부환+소화기+구급약품,화장실+쓰레기통,,031-310-2335,경기도 시흥시청,2022-11-22
272,과림 낚시터,저수지,경기도 시흥시 과림저수지길 79,경기도 시흥시 과림동 207,37.45313,126.82729,02-2616-3858,132800,붕어+잉어,415,고정형,1일 30000원,,구명부환+소화기+구급약품,화장실+쓰레기통,,031-310-2335,경기도 시흥시청,2022-11-22
273,한샘청수낚시터,평지,경기도 시흥시 수인로2107번길35,경기도 시흥시 조남동587,37.37045,126.87239,,2215,붕어+잉어,75,지상고정형,"(평일) 20,000원 (휴일)30,000원",,구명부환+소화기+구급약품,화장실+쓰레기통,,031-310-2335,경기도 시흥시청,2022-11-22
274,방산 낚시터,평지,경기도 시흥시 구수미1길127-14,경기도 시흥시 방산동154,37.42303,126.77788,,1300,붕어+잉어,96,지상고정형,"30,000원",,구명부환+소화기+구급약품,화장실+쓰레기통,,031-310-2335,경기도 시흥시청,2022-11-22
275,밤밭,저수지,경기도 포천시 가산면 포천로 912번길 143-94,,37.84250079,127.2136439,,58312,붕어,200,부유형+고정형,"30,000",,구명부환+소화기+구급약품+전기설비,화장실+쓰레기통,,,경기도 포천시청,2022-10-31
276,가산낚시터,저수지,경기도 포천시 가산면 우금길 13-32,,37.82549928,127.2125165,,172132,붕어,210,부유형+고정형,"(노지)30,000+(1인 수상방갈로)50,000+(2인수상방갈로)100,000+(4인수상방갈로)170,000",,구명부환+소화기+구급약품+전기설비,화장실+쓰레기통,,,경기도 포천시청,2022-10-31
277,중리테마파크,저수지,경기도 포천시 관인면 지장산길 65,,38.10167638,127.1992908,,94000,붕어,100,부유형+고정형,"(잔교좌대)30,000+(손맛터)20,000+(2인방갈로)평일100,000,주말120,000+(3인방갈로)평일120,000,주말150,000+(5인방갈로)평일180,000,주말230,000",,구명부환+소화기+구급약품+전기설비,화장실+쓰레기통,,,경기도 포천시청,2022-10-31
278,금주,저수지,경기도 포천시 영중면 물안길 135,,37.97376415,127.2701662,,159000,붕어,101,부유형+고정형,"(2인방갈로)80,000+(4인방갈로)180,000+(6인방갈로)250,000+(8인방갈로)300,000",,구명부환+소화기+구급약품+전기설비,화장실+쓰레기통,,,경기도 포천시청,2022-10-31
279,지청,저수지,경기도 포천시 일동면 청지로 150-41,,37.95845374,127.3300224,,10355,붕어,80,고정형,"30,000",,구명부환+소화기+구급약품+전기설비,화장실+쓰레기통,,,경기도 포천시청,2022-10-31
280,마전,저수지,경기도 포천시 가산면 마전길 129-1,,37.84907203,127.2139254,,18000,붕어,168,부유형+고정형,"(육상방갈로,노지)30,000+(1인방갈로)50,000",,구명부환+소화기+구급약품+전기설비,화장실+쓰레기통,,,경기도 포천시청,2022-10-31
281,용담대물,저수지,경기도 포천시 관인면 사정리 384-3,경기도 포천시 관인면 사정리 384-3,38.13744071,127.2617286,,20000,붕어,70,부유형+고정형,"(2인방갈로)평일80,000,주말100,000+(6인방갈로)평일100,000,주말120,000",,구명부환+소화기+구급약품+전기설비,화장실+쓰레기통,,,경기도 포천시청,2022-10-31
282,직두리,저수지,경기도 포천시 군내면 진구자리1길 14,,37.87725794,127.2300427,,2900,붕어,70,고정형,"(평일)20,000+(주말)30,000",,구명부환+소화기+구급약품+전기설비,화장실+쓰레기통,,,경기도 포천시청,2022-10-31
283,새마을,저수지,경기도 포천시 군내면 좌의길 79,,37.86264904,127.2152827,,15000,붕어,30,고정형,"10,000",,구명부환+소화기+구급약품+전기설비,화장실+쓰레기통,,,경기도 포천시청,2022-10-31
284,무네미,저수지,경기도 포천시 군내면 유교리 88번길 43,,37.86690636,127.1949493,,2000,붕어,71,부유형+고정형,"(노지)30,000+(1인방갈로)토제외40,000,토50,000+(2인방갈로)100,000+(4인방갈로)200,000",,구명부환+소화기+구급약품+전기설비,화장실+쓰레기통,,,경기도 포천시청,2022-10-31
285,내촌,저수지,경기도 포천시 내촌면 내진로 30번길 64,,37.7872828,127.2235448,,7546,붕어,250,고정형,"10,000",,구명부환+소화기+구급약품+전기설비,화장실+쓰레기통,,,경기도 포천시청,2022-10-31
286,동교,저수지,경기도 포천시 동교동 670-3,경기도 포천시 동교동 670-3,37.85092126,127.1224802,,34000,붕어,134,부유형+고정형,"(2인방갈로)100,000+(3인방갈로)140,000+(4인방갈로)170,000",,구명부환+소화기+구급약품+전기설비,화장실+쓰레기통,,,경기도 포천시청,2022-10-31
287,수목원레저,저수지,경기도 포천시 소흘읍 직동길 28,,37.76563953,127.1700127,,4832,붕어,70,고정형,"50,000",,구명부환+소화기+구급약품+전기설비,화장실+쓰레기통,,,경기도 포천시청,2022-10-31
288,황금연못,저수지,경기도 포천시 신북면 포천로 2371,,37.96116913,127.1933304,,5000,붕어,50,고정형,"30,000",,구명부환+소화기+구급약품+전기설비,화장실+쓰레기통,,,경기도 포천시청,2022-10-31
289,태산,저수지,경기도 포천시 영북면 호국로 3421번길 8,,38.04295578,127.2655168,,4400,붕어+뱀장어,81,고정형,"30,000",,구명부환+소화기+구급약품+전기설비,화장실+쓰레기통,,,경기도 포천시청,2022-10-31
290,초원,저수지,경기도 포천시 자작동 자작로3길85,,37.87683209,127.1691193,,27000,붕어,80,부유형+고정형,"(노지)30,000+(2인방갈로)50,000",,구명부환+소화기+구급약품+전기설비,화장실+쓰레기통,,,경기도 포천시청,2022-10-31
291,우금,저수지,경기도 포천시 가산면 우금6길 43-44,,37.84002891,127.2164266,,5662,붕어,60,고정형,"(노지)30,000+(방갈로)평일80,000,주말100,000",,구명부환+소화기+구급약품+전기설비,화장실+쓰레기통,,,경기도 포천시청,2022-10-31
292,밤밭실내낚시터,저수지,경기도 포천시 가산면 포천로 912번길 143-94,,37.84250079,127.2136439,,400,뱀장어+바닷가재,79,고정형,"(평일 2시간)40,000+(평일 3시간)60,000+(주말 야간)70,000",,구명부환+소화기+구급약품+전기설비,화장실+쓰레기통,,,경기도 포천시청,2022-10-31
293,동교실내,저수지,경기도 포천시 동교동 원동교길 268,,37.85123047,127.1226637,,970,붕어+뱀장어,70,고정형,"10,000",,구명부환+소화기+구급약품+전기설비,화장실+쓰레기통,,,경기도 포천시청,2022-10-31
294,수목원,저수지,경기도 포천시 소흘읍 직동리 80-4,경기도 포천시 소흘읍 직동리 80-4,37.76614895,127.1690342,,1150,뱀장어+바닷가재,40,고정형,"30,000",,구명부환+소화기+구급약품+전기설비,화장실+쓰레기통,,,경기도 포천시청,2022-10-31
295,금강,저수지,경기도 포천시 일동면 새낭로 66,,37.98426442,127.3346887,,4490,붕어,25,고정형,"30,000",,구명부환+소화기+구급약품+전기설비,화장실+쓰레기통,,,경기도 포천시청,2022-10-31
296,고일,저수지,경기도 포천시 신북면 포천로 2721번길 157,,37.97524619,127.1728453,,63550,붕어,50,고정형,"30,000",,구명부환+소화기+구급약품+전기설비,화장실+쓰레기통,,,경기도 포천시청,2022-10-31
297,길명,저수지,경기도 포천시 일동면 영일로 316,,37.94734418,127.2596293,,3220,붕어,69,고정형,"30,000",,구명부환+소화기+구급약품+전기설비,화장실+쓰레기통,,,경기도 포천시청,2022-10-31
298,운천낚시공원,저수지,경기도 포천시 영북면 호국로 4350번길 136-204,,38.09911938,127.2972835,,2960,붕어,20,고정형,"30,000",,구명부환+소화기+구급약품+전기설비,화장실+쓰레기통,,,경기도 포천시청,2022-10-31
299,노진낚시터,저수지,경기도 화성시 장안면 노진리 1467 외 2필지,경기도 화성시 장안면 노진리 1467 외 2필지,37.02226239,126.8152478,031-351-3412,31700,붕어+잉어,120,고정형,25000,낚시터 전체,구명부환+소화기+구급약품 등,관리소+화장실+쓰레기통,남양호(남양황라),031-5189-3311,경기도 화성시청,2022-11-15
300,대성낚시터,저수지,경기도 화성시 팔탄면 녹막말길9번길 199,경기도 화성시 팔탄면 율암리 267-1번지,37.17188889,126.8660989,031-352-7935,109883,붕어+잉어,80,고정형,15000,낚시터 전체,구명부환+소화기+구급약품 등,관리소+화장실+쓰레기통,우리꽃식물원,031-5189-3311,경기도 화성시청,2022-11-15
301,용주골낚시터,저수지,경기도 화성시 황계남길 15,경기도 화성시 송산동 183-4번지,37.21157743,127.0086725,031-236-6063,5487,붕어+잉어,100,고정형,25000,낚시터 전체,구명부환+소화기+구급약품 등,관리소+화장실+쓰레기통,용주사,031-5189-3311,경기도 화성시청,2022-11-15
302,기천낚시터,저수지,경기도 화성시 봉담읍 건달산로 309-33,경기도 화성시 봉담읍 상기리 653번지,37.19629691,126.9117052,031-227-3223,422154,붕어+잉어,120,고정형,25000,낚시터 전체,구명부환+소화기+구급약품 등,관리소+화장실+쓰레기통,봉담호수공원,031-5189-3311,경기도 화성시청,2022-11-15
303,남전낚시터,저수지,경기도 화성시 비봉면 남이로132번길 79-13,경기도 화성시 비봉면 남전리 649번지,37.23857033,126.8347166,031-366-8695,30191,붕어+잉어,80,고정형,25000,낚시터 전체,구명부환+소화기+구급약품 등,관리소+화장실+쓰레기통,비봉습지공원,031-5189-3311,경기도 화성시청,2022-11-15
304,관리낚시터,저수지,경기도 화성시 향남읍 동오리 545-1 외 3필지,경기도 화성시 향남읍 동오리 545-1 외 3필지,37.13297478,126.9457119,031-353-9232,8060,붕어+잉어,80,고정형,30000,낚시터 전체,구명부환+소화기+구급약품 등,관리소+화장실+쓰레기통,제암리3.1운동순국유적지,031-5189-3311,경기도 화성시청,2022-11-15
305,버들낚시터,저수지,경기도 화성시 장안면 버들안길 3,경기도 화성시 장안면 석포리 478-1번지,37.12872541,126.8353876,031-358-6346,141509,붕어+잉어,80,고정형+부유형,20000,낚시터 전체,구명부환+소화기+구급약품 등,관리소+화장실+쓰레기통,남양호(남양황라),031-5189-3311,경기도 화성시청,2022-11-15
306,어천낚시터,저수지,경기도 화성시 매송면 어사로 47,경기도 화성시 매송면 어천리 241-1번지,37.25528976,126.9144635,031-291-3665,226281,붕어+잉어,100,고정형+부유형,15000,낚시터 전체,구명부환+소화기+구급약품 등,관리소+화장실+쓰레기통,칠보산 제3전망대,031-5189-3311,경기도 화성시청,2022-11-15
307,새봉낚시터,저수지,경기도 화성시 정남면 세자로303번길 46,경기도 화성시 정남면 보통리 33번지,37.1947972,126.9760645,031-352-3833,10179,붕어+잉어,80,고정형,30000,낚시터 전체,구명부환+소화기+구급약품 등,관리소+화장실+쓰레기통,보통리저수지,031-5189-3311,경기도 화성시청,2022-11-15
308,신촌낚시터,저수지,경기도 화성시 매송면 매송북길 179,경기도 화성시 매송면 송라리 284-1번지,37.28422966,126.9017887,031-295-9949,6500,붕어+잉어,80,고정형+부유형,15000,낚시터 전체,구명부환+소화기+구급약품 등,관리소+화장실+쓰레기통,칠보산 제3전망대,031-5189-3311,경기도 화성시청,2022-11-15
309,조암낚시터,저수지,경기도 화성시 우정읍 한뿌리1길 157-25,경기도 화성시 우정읍 한각리 94-7번지,37.09650621,126.8021179,031-351-1385,350401,붕어+잉어,80,부유형,10000,낚시터 전체,구명부환+소화기+구급약품 등,관리소+화장실+쓰레기통,남양호(남양황라),031-5189-3311,경기도 화성시청,2022-11-15
310,송라낚시터,저수지,경기도 화성시 매송면 매송북길 179,경기도 화성시 매송면 송라리 284-1번지,37.28422966,126.9017887,031-295-9949,107940,붕어+잉어,120,고정형+부유형,15000,낚시터 전체,구명부환+소화기+구급약품 등,관리소+화장실+쓰레기통,칠보산 제3전망대,031-5189-3311,경기도 화성시청,2022-11-15
311,동방낚시터,저수지,경기도 화성시 팔탄면 노하길116번길 198,경기도 화성시 팔탄면 노하리 596번지,37.15153123,126.8634678,031-354-9516,483714,붕어+잉어,130,고정형+부유형,15000,낚시터 전체,구명부환+소화기+구급약품 등,관리소+화장실+쓰레기통,우리꽃식물원,031-5189-3311,경기도 화성시청,2022-11-15
312,안석낚시터,저수지,경기도 화성시 남양읍 활초길 214-17,경기도 화성시 남양읍 안석리 산118-1번지,37.16005343,126.8344179,031-356-6435,62016,붕어+잉어,120,고정형+부유형,25000,낚시터 전체,구명부환+소화기+구급약품 등,관리소+화장실+쓰레기통,남양성모성지,031-5189-3311,경기도 화성시청,2022-11-15
313,은수포낚시터,저수지,경기도 화성시 서신면 은수포길 194,경기도 화성시 서신면 전곡리 80-12번지,37.19982403,126.6914026,031-357-3423,29814,붕어+잉어,90,없음,20000,낚시터 전체,구명부환+소화기+구급약품 등,관리소+화장실+쓰레기통,제부도 해안산책로,031-5189-3311,경기도 화성시청,2022-11-15
314,덕우낚시터,저수지,경기도 화성시 봉담읍 삼천병마로 709,경기도 화성시 봉담읍 덕리 70-3번지,37.17108351,126.9358869,031-298-9116,938207,붕어+잉어,220,고정형+부유형,15000,낚시터 전체,구명부환+소화기+구급약품 등,관리소+화장실+쓰레기통,봉담호수공원,031-5189-3311,경기도 화성시청,2022-11-15
315,당골낚시터,저수지,경기도 화성시 장안면 장안리 35 외 6필지,경기도 화성시 장안면 장안리 35 외 6필지,37.05532018,126.8664096,031-351-2881,1312,붕어+잉어,120,고정형,25000,낚시터 전체,구명부환+소화기+구급약품 등,관리소+화장실+쓰레기통,남양호(남양황라),031-5189-3311,경기도 화성시청,2022-11-15
316,화성대어낚시터,저수지,경기도 화성시 비봉면 비봉로528번길 40,경기도 화성시 비봉면 삼화리 15-1번지,37.26042685,126.8529977,031-355-7350,3865,붕어+잉어,80,고정형,20000,낚시터 전체,구명부환+소화기+구급약품 등,관리소+화장실+쓰레기통,비봉습지공원,031-5189-3311,경기도 화성시청,2022-11-15
317,초당낚시터,저수지,경기도 화성시 봉담읍 주석로 891-21,경기도 화성시 봉담읍 상기리 607번지,37.20057681,126.911655,031-227-0387,2780,붕어+잉어,80,고정형,15000,낚시터 전체,구명부환+소화기+구급약품 등,관리소+화장실+쓰레기통,봉담호수공원,031-5189-3311,경기도 화성시청,2022-11-15
318,성지골낚시터,저수지,경기도 화성시 서신면 장외리 214-2 외 4필지,경기도 화성시 서신면 장외리 214-2 외 4필지,37.17196949,126.6702362,031-357-4722,2843,붕어+잉어,80,없음,20000,낚시터 전체,구명부환+소화기+구급약품 등,관리소+화장실+쓰레기통,제부도 해안산책로,031-5189-3311,경기도 화성시청,2022-11-15
319,양석낚시터,저수지,경기도 화성시 향남읍 하길리 504-1 외 2필지,경기도 화성시 향남읍 하길리 504-1 외 2필지,37.10886824,126.9240506,031-353-8514,3919,붕어+잉어,80,고정형,20000,낚시터 전체,구명부환+소화기+구급약품 등,관리소+화장실+쓰레기통,제암리3.1운동순국유적지,031-5189-3311,경기도 화성시청,2022-11-15
320,스타바다좌대낚시터,바다,경기도 화성시 서신면 송교리 405-1 외 1필지,경기도 화성시 서신면 송교리 405-1 외 1필지,37.1705191,126.6577333,031-357-5538,3360,돔류,150,고정형+부유형,60000,낚시터 전체,구명부환+소화기+구급약품 등,관리소+화장실+쓰레기통,제부도 해안산책로,031-5189-3311,경기도 화성시청,2022-11-15
321,서신레저바다낚시터,바다,경기도 화성시 서신면 화남공단로 79,경기도 화성시 서신면 송교리 42-21번지,37.16170633,126.6814562,031-357-9366,30547,돔류,300,고정형+부유형,70000,낚시터 전체,구명부환+소화기+구급약품 등,관리소+화장실+쓰레기통,제부도 해안산책로,031-5189-3311,경기도 화성시청,2022-11-15
322,국화리해상좌대낚시터,바다,경기도 화성시 우정읍 국화길 2,경기도 화성시 우정읍 국화리 137번지,37.06090765,126.5593612,031-356-9975,557,우럭,16,부유형,20000,낚시터 전체,구명부환+소화기+구급약품 등,관리소+화장실+쓰레기통,국화도,031-5189-3311,경기도 화성시청,2022-11-15
323,청춘낚시터,바다,경기도 화성시 우정읍 국화리 산 4,경기도 화성시 우정읍 국화리 산 4,37.10525104,126.5398058,031-357-4422,239,우럭,75,부유형,70000,낚시터 전체,구명부환+소화기+구급약품 등,관리소+화장실+쓰레기통,입파도,031-5189-3311,경기도 화성시청,2022-11-15
324,매송낚시터,저수지,경기도 화성시 매송면 매송로330번길 50,경기도 화성시 매송면 야목리 574번지,37.26439417,126.8864237,000-000-0000,1853,메기+붕어,93,고정형,50000,낚시터 전체,구명부환+소화기+구급약품 등,관리소+화장실+쓰레기통,칠보산 제3전망대,031-5189-3311,경기도 화성시청,2022-11-15
325,죠스실내낚시카페,기타,경기도 화성시 효행로 1051,경기도 화성시 진안동 914-1번지,37.21465039,127.0417616,031-292-3766,84,돔류,26,없음,9000,낚시터 전체,구명부환+소화기+구급약품 등,관리소+화장실+쓰레기통,다람산공원,031-5189-3311,경기도 화성시청,2022-11-15
326,화성락실내바다낚시터,기타,경기도 화성시 봉담읍 하가등리 379-12,경기도 화성시 봉담읍 하가등리 379-12,37.14559335,126.9308477,031-292-3855,153,돔류,34,없음,33000,낚시터 전체,구명부환+소화기+구급약품 등,관리소+화장실+쓰레기통,봉담호수공원,031-5189-3311,경기도 화성시청,2022-11-15
327,송라손맛터,저수지,경기도 화성시 매송면 송라리 380-1 외 2필지,경기도 화성시 매송면 송라리 380-1 외 2필지,37.281175,126.895676,031-295-9223,3483,붕어+잉어,160,없음,10000,낚시터 전체,구명부환+소화기+구급약품 등,관리소+화장실+쓰레기통,봉담호수공원,031-5189-3312,경기도 화성시청,2022-11-15
328,시화힐링낚시터,기타,경기도 화성시 안녕남로58번길 4,경기도 화성시 안녕동 176-320번지,37.196444,126.989738,031-223-4617,320.94,돔류,48,없음,20000,낚시터 전체,구명부환+소화기+구급약품 등,관리소+화장실+쓰레기통,봉담호수공원,031-5189-3313,경기도 화성시청,2022-11-15
329,루피실내바다낚시터,기타,경기도 화성시 향남읍 포승향남로 3864,경기도 화성시 향남읍 하길리 985-1번지,37.082231,126.922736,031-352-3930,127.5,돔류,31,없음,40000,낚시터 전체,구명부환+소화기+구급약품 등,관리소+화장실+쓰레기통,봉담호수공원,031-5189-3314,경기도 화성시청,2022-11-15
330,뚜루실내바다낚시터,기타,경기도 화성시 비봉면 쌍학길 75,경기도 화성시 비봉면 쌍학리 175-1번지,37.242891,126.897376,000-000-0000,145.6,돔류,32,없음,40000,낚시터 전체,구명부환+소화기+구급약품 등,관리소+화장실+쓰레기통,봉담호수공원,031-5189-3315,경기도 화성시청,2022-11-15
331,화도낚시터,저수지,경기도 남양주시 화도읍 경춘로2414번길 50-14,경기도 남양주시 화도읍 금남리 55-2,37.6553,127.3600,,26000,-,99,없음,20000,,구명부환+구명조끼+소화기,화장실+분리수거통,,,경기도 남양주시,2022-11-17
332,배양낚시터,저수지,경기도 남양주시 진건읍 고재로191번길 64-17,경기도 남양주시 진건읍 배양리 218,37.6389,127.1871,,7000,-,99,없음,25000,,구명부환+구명조끼+소화기,화장실+분리수거통,,,경기도 남양주시,2022-11-17
333,솟골낚시터,저수지,경기도 남양주시 진건읍 사릉로620번길 44-31,경기도 남양주시 진건읍 신월리 237-1,37.6716,127.1695,,9000,-,99,없음,25000,,구명부환+구명조끼+소화기,화장실+분리수거통,,,경기도 남양주시,2022-11-17
334,진벌낚시공원,평지,경기도 남양주시 진접읍 진벌리 324,경기도 남양주시 진접읍 진벌리 324,37.7346,127.2275,,3000,-,99,없음,15000,,구명부환+구명조끼+소화기,화장실+분리수거통,,,경기도 남양주시,2022-11-17
335,추곡낚시터,저수지,경기도 광주시 도척면 추곡길 91,경기도 광주시 도척면 추곡리 386-3번지,37.280897,127.285867,031-762-1269,1.6,붕어+향어+잉어+메기,48,고정형,30000,,안전사다리+소화기+구명조끼+구명줄+구명부환,화장실+세면소+쓰레기통+통신장비,,031-760-2438,경기도 광주시청,2022-09-29
336,양벌낚시터,저수지,경기도 광주시 양촌길 218,경기도 광주시 양벌동 767-1번지,37.369619,127.258023,031-766-2539,1.2,붕어+잉어,50,고정형,30000,,소화기+구명조끼+구명줄+구명부환,화장실+세면소+쓰레기통+통신장비,,031-760-2438,경기도 광주시청,2022-09-29
337,유정낚시터,저수지,경기도 광주시 도척면 도척로 951,경기도 광주시 도척면 추곡리 15번지,37.2848107,127.306073,031-762-5185,14.4,붕어+잉어,100,고정형,30000,,소화기+구명조끼+구명줄+구명부환,화장실+세면소+쓰레기통+통신장비,,031-760-2438,경기도 광주시청,2022-09-29
338,진우낚시터,저수지,경기도 광주시 도척면 저수지길 182,경기도 광주시 도척면 진우리 산55-31번지,37.311647,127.351043,031-762-7913,6.4,붕어+잉어,250,고정형,30000,,소화기+구명조끼+구명줄+구명부환,화장실+세면소+쓰레기통+통신장비,,031-760-2438,경기도 광주시청,2022-09-29
339,한일낚시터,저수지,경기도 광주시 도척면 옛진말길 63-1,경기도 광주시 도척면 진우리 252번지,37.326982,127.329585,031-762-7887,0.9,붕어+잉어,90,고정형,30000,,소화기+구명조끼+구명줄+구명부환,화장실+세면소+쓰레기통+통신장비,,031-760-2438,경기도 광주시청,2022-09-29
340,반제,저수지,,경기도 안성시 원곡면 반제리 114-2 외,37.026444,127.165384,031-652-6369,117000,붕어,200,부유형,"1일 30,000원",수초지대와 건너편,구명부환+소화기+구급약품+전기설비,화장실+쓰레기통,3.1운동기념관,031-678-2593,경기도 안성시청,2022-12-31
341,월향,저수지,,경기도 안성시 고삼면 월향리 596 외,37.085938,127.272579,031-673-6399,3700,붕어,70,고정형,"1일 30,000원",수초지대와 건너편,구명부환+소화기+구급약품+전기설비,화장실+쓰레기통,,031-678-2593,경기도 안성시청,2022-12-31
342,미산,저수지,,경기도 안성시 양성면 미산리 343외,37.129984,127.257803,031-674-6969,198000,붕어,50,시설없음,"1일 5,000원",수초지대와 건너편,구명부환+소화기+구급약품+전기설비,화장실+쓰레기통,미리내 성지,031-678-2593,경기도 안성시청,2022-12-31
343,장계,저수지,,경기도 안성시 죽산면 장계리 868 외,37.040644,127.406525,031-674-9111,119000,붕어,50,시설없음,"1일 20,000원",수초지대와 건너편,구명부환+소화기+구급약품+전기설비,화장실+쓰레기통,,031-678-2593,경기도 안성시청,2022-12-31
344,연못,저수지,,경기도 안성시 고삼면 월향리 44-1 외,37.094849,127.289617,031-672-3870,3600,붕어,10,부유형,"1일 15,000원",수초지대와 건너편,구명부환+소화기+구급약품+전기설비,화장실+쓰레기통,,031-678-2593,경기도 안성시청,2022-12-31
345,청월,저수지,,경기도 안성시 고삼면 월향리 411-1 외,37.085688,127.277025,031-672-7072,4500,붕어,50,부유형,"1일 30,000원",수초지대와 건너편,구명부환+소화기+구급약품+전기설비,화장실+쓰레기통,,031-678-2593,경기도 안성시청,2022-12-31
346,고삼,저수지,,경기도 안성시 고삼면 월향리 20번지 외,37.093261,127.289348,031-672-3481,274700,붕어,130,부유형,"1일 35,000원",수초지대와 건너편,구명부환+소화기+구급약품+전기설비,화장실+쓰레기통,,031-678-2593,경기도 안성시청,2022-12-31
347,덕산,저수지,,경기도 안성시 삼죽면 배태리 95 외,37.076725,127.366471,031-672-4527,327000,붕어,60,부유형,"1일 20,000원",수초지대와 건너편,구명부환+소화기+구급약품+전기설비,화장실+쓰레기통,,031-678-2593,경기도 안성시청,2022-12-31
348,농촌지,저수지,,경기도 안성시 발화동 118 외,36.983539,127.284644,031-673-3436,30900,붕어,150,부유형,"1일 20,000원",수초지대와 건너편,구명부환+소화기+구급약품+전기설비,화장실+쓰레기통,,031-678-2593,경기도 안성시청,2022-12-31
349,노곡,저수지,,경기도 안성시 양성면 노곡리 254-1 외,37.106131,127.253152,031-672-2131,27200,붕어,50,부유형,"1일 20,000원",수초지대와 건너편,구명부환+소화기+구급약품+전기설비,화장실+쓰레기통,미리내 성지,031-678-2593,경기도 안성시청,2022-12-31
350,용설,저수지,,경기도 안성시 죽산면 용설리 560 외,37.057744,127.444983,031-676-5518,526600,붕어,100,부유형,"1일 20,000원",수초지대와 건너편,구명부환+소화기+구급약품+전기설비,화장실+쓰레기통,용설호 문화마을,031-678-2593,경기도 안성시청,2022-12-31
351,두메,저수지,,경기도 안성시 죽산면 두교리 451번지 일원,37.008264,127.428955,031-672-7838,481000,붕어,200,부유형,"1일 25,000원",수초지대와 건너편,구명부환+소화기+구급약품+전기설비,화장실+쓰레기통,죽주산성,031-678-2593,경기도 안성시청,2022-12-31
352,마둔,저수지,,경기도 안성시 금광면 장죽리 216번지 일원,36.974239,127.314235,031-675-9229,400000,붕어,100,부유형,"1일 30,000원",수초지대와 건너편,구명부환+소화기+구급약품+전기설비,화장실+쓰레기통,석남사,031-678-2593,경기도 안성시청,2022-12-31
353,신미골,저수지,,경기도 안성시 삼죽면 미장리 40-1,37.038116,127.377075,,11300,붕어,40,시설없음,"1일 10,000원",수초지대와 건너편,구명부환+소화기+구급약품+전기설비,화장실+쓰레기통,,031-678-2593,경기도 안성시청,2022-12-31
354,만정,저수지,,경기도 안성시 공도읍 만정리 58,37.018111,127.183264,031-658-5006,238000,붕어,110,부유형,"1일 30,000원",수초지대와 건너편,구명부환+소화기+구급약품+전기설비,화장실+쓰레기통,,031-678-2593,경기도 안성시청,2022-12-31
355,금광호수,저수지,,경기도 안성시 금광면 금광리 345-1,36.9898764,127.329794,,1384000,붕어,90,부유형,"1일 30,000원",수초지대와 건너편,구명부환+소화기+구급약품+전기설비,화장실+쓰레기통,박두진 둘레길,031-678-2593,경기도 안성시청,2022-12-31
356,개나리낚시공원,평지,,경기도 안성시 삼죽면 진촌리 18-2일원,37.050525,127.372127,031-674-8799,9900,붕어,100,고정형,"1일 45,000원",수초지대와 건너편,구명부환+소화기+구급약품+전기설비,화장실+쓰레기통,,031-678-2593,경기도 안성시청,2022-12-31
357,참샘,평지,,경기도 안성시 원곡면 지문리 303-4,37.067592,127.151253,031-656-1051,3000,붕어,30,부유형,"1일 10,000원",수초지대와 건너편,구명부환+소화기+구급약품+전기설비,화장실+쓰레기통,,031-678-2593,경기도 안성시청,2022-12-31
358,명인,저수지,,경기도 안성시 원곡면 내가천리 203-1,37.036038,127.112249,,20000,붕어,150,부유형,"1일 25,000원",수초지대와 건너편,구명부환+소화기+구급약품+전기설비,화장실+쓰레기통,,031-678-2593,경기도 안성시청,2022-12-31
359,회암,저수지,,경기도 안성시 삼죽면 내강리 519,37.0624896,127.3630405,,8000,잉어+붕어,84,고정형,"1일 30,000원",수초지대와 건너편,구명부환+소화기+구급약품+전기설비,화장실+쓰레기통,,031-678-2593,경기도 안성시청,2022-12-31
360,거청,저수지,,경기도 안성시 대덕면 모산리 423 외,37.026031,127.240801,031-677-1191,27000,붕어,200,부유형,"1일 25,000원",수초지대와 건너편,구명부환+소화기+구급약품+전기설비,화장실+쓰레기통,,031-678-2593,경기도 안성시청,2022-12-31
361,칠곡,저수지,,경기도 안성시 원곡면 칠곡리 379-2 외,37.047548,127.155988,031-652-7745,162000,붕어,150,부유형,"1일 30,000원",수초지대와 건너편,구명부환+소화기+구급약품+전기설비,화장실+쓰레기통,,031-678-2593,경기도 안성시청,2022-12-31
362,산우물,저수지,,경기도 안성시 보개면 신안리 199-4 일원,37.060386,127.315883,031-676-1707,16000,붕어,80,부유형,"1일 30,000원",수초지대와 건너편,구명부환+소화기+구급약품+전기설비,화장실+쓰레기통,,031-678-2593,경기도 안성시청,2022-12-31
363,도곡,저수지,,경기도 안성시 양성면 도곡리 35-1 외,37.088009,127.216608,031-672-4643,20000,붕어,70,부유형,"1일 30,000원",수초지대와 건너편,구명부환+소화기+구급약품+전기설비,화장실+쓰레기통,,031-678-2593,경기도 안성시청,2022-12-31
364,성은,저수지,,경기도 안성시 원곡면 성은리 406 일원,37.071231,127.166836,031-655-6507,9000,붕어,50,부유형,"1일 20,000원",수초지대와 건너편,구명부환+소화기+구급약품+전기설비,화장실+쓰레기통,,031-678-2593,경기도 안성시청,2022-12-31
365,독정,저수지,,경기도 안성시 원곡면 칠곡리 728번지일원,37.039837,127.160231,031-675-0842,40000,붕어,80,부유형,"1일 20,000원",수초지대와 건너편,구명부환+소화기+구급약품+전기설비,화장실+쓰레기통,3.1운동기념관,031-678-2593,경기도 안성시청,2022-12-31
366,설동,저수지,,경기도 안성시 죽산면 용설리 8 일원,37.051469,127.460886,031-675-0842,6000,붕어,80,부유형,"1일 30,000원",수초지대와 건너편,구명부환+소화기+구급약품+전기설비,화장실+쓰레기통,,031-678-2593,경기도 안성시청,2022-12-31
367,조일,저수지,,경기도 안성시 양성면 조일리 97 일원,37.071219,127.212307,031-673-7440,20000,붕어,30,부유형,"1일 20,000원",수초지대와 건너편,구명부환+소화기+구급약품+전기설비,화장실+쓰레기통,,031-678-2593,경기도 안성시청,2022-12-31
368,장광,저수지,,경기도 안성시 죽산면 매산리 683 일원,37.097851,127.429726,031-672-6677,20000,붕어,180,부유형,"1일 30,000원",수초지대와 건너편,구명부환+소화기+구급약품+전기설비,화장실+쓰레기통,,031-678-2593,경기도 안성시청,2022-12-31
369,상지,저수지,,경기도 안성시 원곡면 지문리 269 일원,37.061062,127.144169,031-656-4610,70000,붕어,100,부유형,"1일 20,000원",수초지대와 건너편,구명부환+소화기+구급약품+전기설비,화장실+쓰레기통,,031-678-2593,경기도 안성시청,2022-12-31
370,동신곡,저수지,,경기도 안성시 금광면 신양복리 61 외,37.009422,127.331959,031-674-9933,14000,붕어,100,부유형,"1일 30,000원",수초지대와 건너편,구명부환+소화기+구급약품+전기설비,화장실+쓰레기통,,031-678-2593,경기도 안성시청,2022-12-31
371,덕봉,저수지,,경기도 안성시 양성면 덕봉리 8 외,37.052709,127.187296,031-673-4529,16500,붕어,100,부유형,"1일 20,000원",수초지대와 건너편,구명부환+소화기+구급약품+전기설비,화장실+쓰레기통,선비마을,031-678-2593,경기도 안성시청,2022-12-31
372,성주리,저수지,,경기도 안성시 원곡면 성주리 46-3 외,37.083137,127.175901,031-656-4923,600,붕어,90,부유형,"1일 30,000원",수초지대와 건너편,구명부환+소화기+구급약품+전기설비,화장실+쓰레기통,,031-678-2593,경기도 안성시청,2022-12-31
373,꼴미,저수지,,경기도 안성시 고삼면 봉산리 175 외,37.076432,127.288986,031-674-0757,14500,붕어,50,고정형+부유형,"1일 25,000원",수초지대와 건너편,구명부환+소화기+구급약품+전기설비,화장실+쓰레기통,,031-678-2593,경기도 안성시청,2022-12-31
374,88실내바다낚시터,기타,경기도 고양시 덕양구 고골길116번길 14-67(관산동),,37.71074,126.86322,,75,잉어+붕어,30,고정형,30000원,,소화기+구급약품,화장실+쓰레기통,,,고양시농업기술센터,2022-12-26
375,퐁퐁실내낚시터,기타,경기도 고양시 일산동구 탄중로 429 성지프라자 지하1층 102호(중산동),,37.69076,126.77767,,44,잉어+붕어,30,고정형,10000원,,소화기+구급약품,화장실+쓰레기통,,,고양시농업기술센터,2022-12-26
376,백두산낚시터,기타,경기도 고양시 덕양구 서리골길36번길 158-7(선유동),,37.68858,126.9114,,1893,잉어+붕어,100,고정형,10000원,,구명환+소화기+구급약품,화장실+쓰레기통,,,고양시농업기술센터,2022-12-26
377,백용낚시터,기타,경기도 고양시 일산동구 감내길 73(성석동),,37.71391,126.78215,,1800,잉어+붕어,100,고정형,20000원,,구명환+소화기+구급약품,화장실+쓰레기통,,,고양시농업기술센터,2022-12-26
378,문봉낚시터,기타,경기도 고양시 일산동구 성현로268번길 153(문봉동),,37.70112,126.81428,,3134,잉어+붕어,100,고정형,10000원,,구명환+소화기+구급약품,화장실+쓰레기통,,,고양시농업기술센터,2022-12-26
379,보물섬낚시터,기타,경기도 고양시 덕양구 대곡길 31-8(내곡동),,37.64341,126.80289,,1234,잉어+붕어,100,고정형,15000원,,구명환+소화기+구급약품,화장실+쓰레기통,,,고양시농업기술센터,2022-12-26
380,봉림낚시터,기타,경기도 고양시 덕양구 호국로1595번길 25(대자동),,37.69295,126.89947,,3972,잉어+붕어,100,고정형,10000원,,구명환+소화기+구급약품,화장실+쓰레기통,,,고양시농업기술센터,2022-12-26
381,123실내낚시터,기타,"경기도 고양시 덕양구 호국로 770, 지하1층(성사동)",,37.65533,126.83501,,99,잉어+붕어,30,고정형,25000원,,소화기+구급약품,화장실+쓰레기통,,,고양시농업기술센터,2022-12-26
382,뚜루실내낚시놀이터,기타,"경기도 고양시 일산동구 견달산로225번길 26-44, 나동(식사동)",,37.68912,126.81875,,96,잉어+붕어,30,고정형,33000원,,구명환+소화기+구급약품,화장실+쓰레기통,,,고양시농업기술센터,2022-12-26
383,판부리낚시터,저수지,"경기도 연천군 장남면 장백로 464-69, 민통선농가집양어장",경기도 연천군 장남면 판부리 1528,126.8789,37.9973,,2199,"메기, 동자개 등",50,수상좌대,전화문의,,"구명부환2개, 소화기 1개, 구급약품세트 1개","화장실, 세면소 등",,,연천군청 축산과,2022-04-01
384,원낚시포차,기타,경기도 안양시 만안구 안양로 305번길 지하1층,경기도 안양시 만안구 안양동 676-10,37.3984542,126.9375105,031-448-0524,62.1,확인불가,24,없음,"10,000원",,"구명부환, 소화기, 구급약품,","화장실 및 세면소, 쓰레기통, 관리시설, 방송시설",없음,,안양시청,2023-02-28
385,안양바다낚시터,기타,"경기도 안양시 만안구 양화로 126, 지층",경기도 안양시 만안구 박달동 20-2,37.4038887,126.9098854,,47.3,확인불가,20,없음,"10,000원",,"구명부환, 소화기, 구급약품,","화장실 및 세면소, 쓰레기통, 관리시설, 방송시설",없음,,안양시청,2023-02-28